NUMBER,STREET,INTERSECTION,TOWN,CLASSIFIED,REPAIRED,GRADE,
29,ANTHONY,,ACUSHNET,01/23/14,01/23/14,1,24
20,ANTHONY,,ACUSHNET,01/28/14,01/28/14,2,grade 3 leaks
,MIDDLE,,ACUSHNET,09/23/13,02/02/14,3,
70,SLOCUM,,ACUSHNET,02/01/14,02/10/14,2,
71,SLOCUM,,ACUSHNET,02/11/14,02/11/14,2,
14,MYRTLE,,ACUSHNET,02/14/14,02/14/14,2,
47,WING,,ACUSHNET,02/21/14,02/21/14,1,
8,NYE,,ACUSHNET,02/21/14,02/21/14,1,
43,HOPE,,ACUSHNET,02/24/14,02/24/14,1,
119,LAWSON,,ACUSHNET,05/10/14,05/10/14,1,
33,JEAN,,ACUSHNET,06/18/14,06/18/14,2,
62,LAURA-KEENE,,ACUSHNET,04/04/14,07/28/14,2,
264,N-MAIN,,ACUSHNET,06/25/14,08/04/14,2,
,ANTHONY,AT NEW YORK AVE,ACUSHNET,07/16/14,08/27/14,2,
,RIVET,AT 58 S-MAIN ST,ACUSHNET,04/04/14,09/05/14,,
18,ORCHARD,,ACUSHNET,09/10/14,09/10/14,,
82,PECKHAM,,ACUSHNET,10/22/14,10/22/14,2,
,HOPE,AT S-MAIN ST,ACUSHNET,04/03/14,12/04/14,2,
126,PECKHAM,,ACUSHNET,12/13/14,12/14/14,,
87,PECKHAM,,ACUSHNET,12/21/14,12/21/14,1,
27,SHERBORN,,ASHLAND,01/02/14,01/13/14,2,
207,E-UNION,,ASHLAND,02/01/14,02/01/14,2,
61,WARREN,,ASHLAND,01/30/14,02/10/14,2,
163-165,CHERRY,,ASHLAND,02/20/14,02/20/14,1,
,DONNA-LEE,AT EDWARDS DR,ASHLAND,03/08/14,03/12/14,2,
54,MOUNTAIN-GATE,,ASHLAND,03/25/14,03/26/14,1,
157,LELAND-FARM,,ASHLAND,03/28/14,03/28/14,1,
4,WENZELL,,ASHLAND,04/02/14,04/03/14,1,
16,UNION,,ASHLAND,04/02/14,04/15/14,,
,WAVERLY,,ASHLAND,04/02/14,04/17/14,3,
10,CEDAR-HILL,,ASHLAND,05/02/14,05/02/14,1,
355,CHESTNUT,,ASHLAND,05/13/14,05/14/14,2,
225,PLEASANT,,ASHLAND,05/16/14,05/16/14,1,
202,AMERICA,,ASHLAND,05/19/14,05/19/14,2,
33,W-UNION,,ASHLAND,06/09/14,06/09/14,1,
27,STONEY-BROOK,,ASHLAND,06/18/14,06/18/14,1,
36,SUMMIT,,ASHLAND,07/18/14,07/18/14,1,
33,CARRIAGE-HSE,,ASHLAND,08/28/14,08/28/14,2,
47,NICKERSON,,ASHLAND,08/29/14,08/29/14,2,
24,HUNDRED-OAKS,,ASHLAND,09/15/14,09/15/14,,
123,OAK,,ASHLAND,10/16/14,10/16/14,1,
330,PLEASANT,,ASHLAND,10/24/14,10/24/14,1,
330,PLEASANT,,ASHLAND,10/24/14,10/24/14,1,
353,AMERICA,,ASHLAND,11/08/14,11/08/14,1,
353,AMERICA,,ASHLAND,11/08/14,11/08/14,1,
OPP 292,AMERICA,,ASHLAND,11/13/14,11/13/14,1,
66,HIGLEY,,ASHLAND,05/27/14,12/04/14,2,
201,WINTER,,ASHLAND,08/18/14,12/22/14,2,
300,ELIOT,,ASHLAND,04/03/14,12/27/14,2,
131,WAVERLY,,ASHLAND,08/18/14,12/27/14,2,
12,FOREST,,AUBURN,06/28/14,06/28/14,1,
17,WELLMAN,,AUBURN,07/06/14,07/06/14,3,
77,SOUTHBRIDGE,,AUBURN,10/20/14,10/20/14,1,
59-61,RESERVOIR,,CAMBRIDGE,12/05/13,01/06/14,2,
59-61,RESERVOIR,,CAMBRIDGE,01/06/14,01/06/14,1,
34,BROOKFORD,,CAMBRIDGE,01/07/14,01/07/14,1,
251,BRATTLE,,CAMBRIDGE,12/03/13,01/09/14,2,
101,FAYERWEATHER,,CAMBRIDGE,01/09/14,01/09/14,1,
99,FAYERWEATHER,,CAMBRIDGE,01/10/14,01/10/14,1,
93,GORE,,CAMBRIDGE,01/11/14,01/12/14,1,
99,ALPINE,,CAMBRIDGE,11/12/13,01/13/14,2,
,THIRD,,CAMBRIDGE,11/26/13,01/13/14,2,
103,FAYERWEATHER,,CAMBRIDGE,01/13/14,01/13/14,1,
26,HARDWICK,,CAMBRIDGE,01/13/14,01/13/14,1,
198,RINDGE,,CAMBRIDGE,01/14/14,01/14/14,1,
76,COOLIDGE,,CAMBRIDGE,01/15/14,01/15/14,1,
193,RINDGE,,CAMBRIDGE,01/15/14,01/15/14,2,
85,FAYERWEATHER,,CAMBRIDGE,01/16/14,01/16/14,1,
39-41,FAYERWEATHER,,CAMBRIDGE,01/16/14,01/20/14,2,
125,PORTLAND,,CAMBRIDGE,01/23/14,01/23/14,1,
857,MASS,,CAMBRIDGE,01/20/14,01/24/14,2,
102,APPLETON,,CAMBRIDGE,01/27/14,01/27/14,1,
10,ELLERY,,CAMBRIDGE,01/28/14,01/28/14,1,
730,MAIN,,CAMBRIDGE,01/30/14,01/30/14,1,
39,FAYERWEATHER,,CAMBRIDGE,01/24/14,02/03/14,2,
19,BLACKSTONE,,CAMBRIDGE,02/04/14,02/04/14,1,
32,HIGHLAND,,CAMBRIDGE,01/31/14,02/08/14,2,
32,HIGHLAND,,CAMBRIDGE,02/09/14,02/09/14,2,
703,MOUNT AUBURN,,CAMBRIDGE,10/30/13,02/10/14,3,
19,BLACKSTONE,,CAMBRIDGE,01/27/14,02/10/14,2,
149,LARCH,,CAMBRIDGE,02/10/14,02/10/14,1,
40-42,MT-VERNON,,CAMBRIDGE,02/12/14,02/12/14,1,
11,FRESH-POND,,CAMBRIDGE,02/15/14,02/15/14,1,
37,FAYERWEATHER,,CAMBRIDGE,02/07/14,02/17/14,2,
39,FAYERWEATHER,,CAMBRIDGE,02/17/14,02/17/14,1,
29,HURON,,CAMBRIDGE,02/18/14,02/18/14,1,
5,CONCORD,,CAMBRIDGE,02/19/14,02/19/14,1,
343,BROADWAY,,CAMBRIDGE,01/28/14,02/24/14,2,
424,WALDEN,,CAMBRIDGE,02/21/14,02/24/14,2,
,INMAN,AT BROADWAY,CAMBRIDGE,02/24/14,02/24/14,1,
424,WALDEN,,CAMBRIDGE,02/24/14,02/24/14,1,
16,SHEPARD,,CAMBRIDGE,12/06/13,02/25/14,2,
410,WALDEN,,CAMBRIDGE,02/19/14,02/19/14,1,
410,WALDEN,,CAMBRIDGE,02/12/14,02/20/14,2,
,WALDEN,,CAMBRIDGE,01/28/14,02/24/14,2,
77,FAYERWEATHER,,CAMBRIDGE,02/21/14,02/24/14,2,
2512,MASS,,CAMBRIDGE,02/15/14,02/25/14,2,
94,FAYERWEATHER,,CAMBRIDGE,03/09/14,03/09/14,1,
,STATE,AT 810 MAIN,CAMBRIDGE,03/10/14,03/10/14,1,
424,WALDEN,,CAMBRIDGE,03/10/14,03/10/14,1,
424,WALDEN,,CAMBRIDGE,03/10/14,03/10/14,1,
,PORTLAND,AT 600 TECHNOLOGY SQ,CAMBRIDGE,03/12/14,03/12/14,1,
33,ELMWOOD,,CAMBRIDGE,03/13/14,03/13/14,2,
409,WALDEN,,CAMBRIDGE,03/14/14,03/14/14,1,
10,BATES,,CAMBRIDGE,03/17/14,03/17/14,1,
,HURON,,CAMBRIDGE,03/17/14,03/17/14,1,
257-259,BEACON,,CAMBRIDGE,01/28/14,03/21/14,2,
183,BRATTLE,,CAMBRIDGE,03/21/14,03/21/14,2,
333,WEBSTER,,CAMBRIDGE,03/23/14,03/23/14,1,
333,WEBSTER,,CAMBRIDGE,03/23/14,03/24/14,2,
22,FAYERWEATHER,,CAMBRIDGE,03/25/14,03/25/14,1,
22,HIGHLAND,,CAMBRIDGE,09/03/13,04/01/14,2,
2222,MASS,,CAMBRIDGE,11/27/13,04/03/14,2,
26,ELMWOOD,,CAMBRIDGE,04/03/14,04/04/14,2,
115-117,INMAN,,CAMBRIDGE,04/04/14,04/04/14,1,
74 R,FAYERWEATHER,,CAMBRIDGE,04/14/14,04/14/14,1,
,STATE,AT 810 MAIN,CAMBRIDGE,03/16/14,04/15/14,2,
,HURON,AT RESERVOIR AVE,CAMBRIDGE,04/17/14,04/17/14,1,
74,RESERVOIR,,CAMBRIDGE,04/18/14,04/18/14,1,
,BRATTLE,AT KENNEDY RD,CAMBRIDGE,08/21/13,04/22/14,3,
,KENNEDY,AT BRATTLE ST,CAMBRIDGE,04/13/14,04/22/14,2,
59-61,RESERVOIR,,CAMBRIDGE,04/06/14,04/23/14,2,
58,RESERVOIR,,CAMBRIDGE,04/25/14,04/25/14,1,
200,FAYERWEATHER,,CAMBRIDGE,05/01/14,05/01/14,1,
54,RESERVOIR,,CAMBRIDGE,05/01/14,05/01/14,1,
2-4,IVY,,CAMBRIDGE,05/02/14,05/02/14,1,
225,BINNEY,,CAMBRIDGE,11/25/13,05/08/14,2,
,WALDEN,AT SAVILLE ST,CAMBRIDGE,05/08/14,05/08/14,1,
46,RESERVOIR,,CAMBRIDGE,05/12/14,05/12/14,1,
119,SCIARAPPA,,CAMBRIDGE,05/12/14,05/12/14,1,
254,CONCORD,,CAMBRIDGE,05/19/14,05/19/14,1,
280,CONCORD,,CAMBRIDGE,05/21/14,05/21/14,1,
240,CONCORD,,CAMBRIDGE,05/22/14,05/22/14,1,
279,CONCORD,,CAMBRIDGE,05/22/14,05/22/14,1,
121,APPLETON,,CAMBRIDGE,05/23/14,05/23/14,1,
3,FOCH,,CAMBRIDGE,05/23/14,05/23/14,1,
58,HIGHLAND,,CAMBRIDGE,05/23/14,05/23/14,1,
170,SHERMAN,,CAMBRIDGE,10/22/13,05/28/14,2,
55-57,RESERVOIR,,CAMBRIDGE,06/03/14,06/03/14,2,
168,HAMPSHIRE,,CAMBRIDGE,06/13/14,06/13/14,1,
74-76,CHILTON,,CAMBRIDGE,06/13/14,06/13/14,1,
102-104,OTIS,,CAMBRIDGE,06/16/14,06/16/14,1,
30,HOWARD,,CAMBRIDGE,06/17/14,06/17/14,1,
27-29,BLAKESLEE,,CAMBRIDGE,06/17/14,06/17/14,1,
,FAYERWEATHER,,CAMBRIDGE,06/24/14,06/24/14,2,
386,HURON,,CAMBRIDGE,06/25/14,06/25/14,1,
43,SAVILLE,,CAMBRIDGE,06/26/14,06/26/14,1,
141,FAYERWEATHER,,CAMBRIDGE,07/02/14,07/02/14,1,
132,WESTERN,,CAMBRIDGE,07/09/14,07/09/14,1,
221,CONCORD,,CAMBRIDGE,07/12/14,07/12/14,1,
,FAYERWEATHER,AT 61 SAVILLE ST,CAMBRIDGE,07/14/14,07/14/14,1,
,HIGHLAND,AT APPLETON ST,CAMBRIDGE,07/14/14,07/14/14,1,
,RESERVOIR,AT HIGHLAND ST,CAMBRIDGE,07/20/14,07/20/14,2,
56,CREIGHTON,,CAMBRIDGE,07/21/14,07/21/14,1,
275,CONCORD,,CAMBRIDGE,07/22/14,07/22/14,1,
115,SECOND,,CAMBRIDGE,07/22/14,07/22/14,1,
,THIRD,AT POTTER ST,CAMBRIDGE,07/23/14,07/23/14,1,
267,CONCORD,,CAMBRIDGE,07/24/14,07/25/14,2,
311,WEBSTER,,CAMBRIDGE,07/25/14,07/25/14,1,
125,PORTLAND,,CAMBRIDGE,07/14/14,07/29/14,2,
74 R,BOLTON,,CAMBRIDGE,07/29/14,07/29/14,1,
395,CONCORD,,CAMBRIDGE,07/30/14,07/30/14,1,
7,BUCKINGHAM,,CAMBRIDGE,07/31/14,07/31/14,1,
208,WESTERN,,CAMBRIDGE,08/05/14,08/05/14,1,
38,GORE,,CAMBRIDGE,07/14/14,08/06/14,2,
193,FAYERWEATHER,,CAMBRIDGE,08/06/14,08/06/14,1,
,DEWOLFE,AT GRANT ST,CAMBRIDGE,08/04/14,08/04/14,1,
,MASS,AT HARVEY ST,CAMBRIDGE,08/06/14,08/06/14,1,
342-344,CONCORD,,CAMBRIDGE,08/07/14,08/07/14,2,
161,HURON,,CAMBRIDGE,05/13/14,08/08/14,2,
61,FOSTER,,CAMBRIDGE,08/26/14,08/26/14,1,
78,OTIS,,CAMBRIDGE,08/21/14,08/27/14,2,
104,LAKEVIEW,,CAMBRIDGE,08/21/14,08/27/14,2,
45-47,MAPLE,,CAMBRIDGE,07/10/14,08/29/14,2,
27-29,SIXTH,,CAMBRIDGE,07/21/14,09/02/14,2,
3,BIRCH,,CAMBRIDGE,08/19/14,09/02/14,1,
1,BLAIR,,CAMBRIDGE,09/02/14,09/03/14,2,
257,UPLAND,,CAMBRIDGE,09/03/14,09/03/14,1,
33-35,CHILTON,,CAMBRIDGE,09/04/14,09/04/14,,
,BLANCHE,,CAMBRIDGE,09/08/14,09/08/14,,
551,FRANKLIN,,CAMBRIDGE,09/08/14,09/09/14,,
90,MIDDLESEX,,CAMBRIDGE,09/09/14,09/09/14,,
210,FAYERWEATHER,,CAMBRIDGE,09/14/14,09/16/14,2,
221,FAYERWEATHER,,CAMBRIDGE,05/28/14,09/24/14,2,
141,WESTERN,,CAMBRIDGE,09/24/14,09/24/14,1,
,JAY,AT 179 WESTERN AVE,CAMBRIDGE,09/25/14,09/25/14,1,
45-47,REED,,CAMBRIDGE,07/22/14,09/26/14,2,
,THIRD,AT KENDALL ST,CAMBRIDGE,09/26/14,09/26/14,2,
40,BLAKESLEE,,CAMBRIDGE,08/21/14,09/29/14,2,
338-340,CONCORD,,CAMBRIDGE,09/29/14,09/29/14,1,
520,PUTNAM,,CAMBRIDGE,10/08/14,10/08/14,1,
267,WINDSOR,,CAMBRIDGE,09/12/14,10/14/14,2,
59,THORNDIKE,,CAMBRIDGE,10/16/14,10/16/14,1,
179-181,FAYERWEATHER,,CAMBRIDGE,10/16/14,10/16/14,1,
118,GARDEN,,CAMBRIDGE,10/16/14,10/17/14,1,
37,WENDELL,,CAMBRIDGE,10/17/14,10/17/14,1,
61-63,HOWARD,,CAMBRIDGE,10/14/14,10/20/14,2,
107,FAYERWEATHER,,CAMBRIDGE,10/22/14,10/22/14,1,
67-69,GORE,,CAMBRIDGE,10/14/14,11/03/14,2,
,GARDEN,,CAMBRIDGE,02/20/14,11/10/14,2,
,WALDEN,AT COPLEY ST,CAMBRIDGE,11/12/14,11/12/14,1,
8,HIGHLAND,,CAMBRIDGE,11/18/14,11/18/14,1,
19-21,FOUNTAIN,,CAMBRIDGE,10/14/14,11/21/14,2,
39B,BELLIS,,CAMBRIDGE,11/23/14,11/23/14,1,
77,HURON,,CAMBRIDGE,12/03/13,12/01/14,2,
114,HOLDEN,,CAMBRIDGE,12/04/13,12/01/14,2,
134,NORFOLK,,CAMBRIDGE,12/01/14,12/01/14,1,
1945,MASSACHUSETTS,,CAMBRIDGE,10/29/13,12/02/14,2,
,RUFO,,CAMBRIDGE,10/30/13,12/05/14,2,
41-43,SCIARAPPA,,CAMBRIDGE,11/22/13,12/05/14,2,
,MOUNT AUBURN,,CAMBRIDGE,11/29/13,12/08/14,2,
,ASH,,CAMBRIDGE,12/03/13,12/08/14,2,
878,MASSACHUSETTS,,CAMBRIDGE,11/26/13,12/11/14,2,
22,SPRINGFIELD,,CAMBRIDGE,12/08/14,12/11/14,2,
1950,MASSACHUSETTS,,CAMBRIDGE,11/07/13,12/12/14,2,
,INMAN,,CAMBRIDGE,11/17/14,12/13/14,3,
19,CLARY,,CAMBRIDGE,01/14/14,12/15/14,2,
18,FAINWOOD,,CAMBRIDGE,08/11/14,12/15/14,2,
,FLAGG,AT BANKS ST,CAMBRIDGE,12/11/14,12/16/14,2,
56,CREIGHTON,,CAMBRIDGE,12/16/14,12/16/14,1,
7-10,GLADSTONE,,CAMBRIDGE,10/10/14,12/17/14,2,
68,OXFORD,,CAMBRIDGE,12/17/14,12/17/14,1,
152-154,GORE,,CAMBRIDGE,11/22/13,12/18/14,2,
11,HILLIARD,,CAMBRIDGE,12/02/13,12/18/14,2,
286,WINDSOR,,CAMBRIDGE,07/29/14,12/18/14,2,
16-18,SHEPARD,,CAMBRIDGE,07/31/14,12/18/14,2,
32,HOLDEN,,CAMBRIDGE,09/04/14,12/18/14,2,
315-317,CONCORD,,CAMBRIDGE,12/05/13,12/20/14,2,
12,HUBBARD PARK,,CAMBRIDGE,07/21/14,12/20/14,2,
65-67,PORTER,,CAMBRIDGE,09/26/14,12/20/14,2,
101,FRESH POND,,CAMBRIDGE,12/21/14,12/21/14,1,
20,HINGHAM,,CAMBRIDGE,06/06/14,12/22/14,2,
847,MASSACHUSETTS,,CAMBRIDGE,12/13/14,12/22/14,2,
,GORE,AT 15 LAMBERT ST,CAMBRIDGE,03/21/14,12/23/14,2,
23,TRAYMORE,,CAMBRIDGE,09/22/14,12/23/14,2,
241,NORFOLK,,CAMBRIDGE,12/11/14,12/23/14,2,
54-60,PLYMOUTH,,CAMBRIDGE,11/25/13,12/26/14,2,
115-117,INMAN,,CAMBRIDGE,08/18/14,12/26/14,2,
144,COOLIDGE,,CAMBRIDGE,10/02/14,12/26/14,2,
781,MAIN,,CAMBRIDGE,07/09/14,12/27/14,2,
8,WESTLEY,,CAMBRIDGE,07/21/14,12/27/14,2,
619,MASSACHUSETTS,,CAMBRIDGE,08/08/14,12/27/14,2,
319-325,CONCORD,,CAMBRIDGE,08/11/14,12/27/14,2,
,MASSACHUSETTS,AT ELLERY ST,CAMBRIDGE,06/17/14,12/29/14,2,
844,MAIN,,CAMBRIDGE,07/09/14,12/29/14,2,
,ORCHARD,AT 15 BEECH ST,CAMBRIDGE,08/25/14,12/29/14,2,
68,OXFORD,,CAMBRIDGE,12/29/14,12/29/14,1,
,MASSACHUSETTS,AT COTTAGE PARK AVE,CAMBRIDGE,01/05/14,12/30/14,2,
,MASSACHUSETTS,,CAMBRIDGE,09/25/14,12/30/14,2,
,STATE,AT 810 MAIN ST,CAMBRIDGE,07/23/14,12/31/14,2,
19,EDGEWOOD,,CARVER,01/23/14,01/31/14,2,
29,WOODHAVEN,,CARVER,07/30/14,07/30/14,1,
89,NORTH MAIN,,CARVER,12/01/14,12/01/14,1,
165,STATE,,DARTMOUTH,01/06/14,01/06/14,1,
1036,TUCKER,,DARTMOUTH,01/06/14,01/07/14,2,
149,STACKHOUSE,,DARTMOUTH,01/09/14,01/09/14,1,
12,PARK,,DARTMOUTH,01/09/14,01/09/14,2,
6,ST-JOHN,,DARTMOUTH,01/05/14,01/20/14,2,
10,ASHLEY,,DARTMOUTH,01/11/14,01/20/14,2,
168,W-HAWTHORNE,,DARTMOUTH,01/16/14,01/21/14,2,
151,LONGWOOD,,DARTMOUTH,01/10/14,01/24/14,2,
6,HATHAWAY,,DARTMOUTH,02/05/14,02/10/14,2,
16,EISENHOWER,,DARTMOUTH,02/17/14,02/17/14,1,
2,CLARENCE,,DARTMOUTH,02/21/14,02/21/14,1,
34,SEMINOLE,,DARTMOUTH,03/14/14,03/14/14,1,
106,ALPHA,,DARTMOUTH,03/22/14,03/24/14,2,
14-16,NORTHFIELD,,DARTMOUTH,04/08/14,04/09/14,2,
,SWIFT,AT SWIFT CIR,DARTMOUTH,03/15/14,04/11/14,2,
7,MEADOW-WOOD,,DARTMOUTH,03/15/14,04/17/14,2,
106,RUSSELL-MILLS,,DARTMOUTH,02/19/14,04/18/14,2,
115,RUSSELL-MILLS,,DARTMOUTH,03/19/14,04/19/14,2,
9,CARLTON,,DARTMOUTH,04/23/14,04/23/14,1,
149-153,STACKHOUSE,,DARTMOUTH,03/19/14,04/28/14,2,
54,CAPTAINS,,DARTMOUTH,02/01/14,05/13/14,2,
233,RICHARD,,DARTMOUTH,05/15/14,05/15/14,1,
61,COGGESHALL,,DARTMOUTH,06/02/14,06/02/14,1,
18,COVE,,DARTMOUTH,03/27/14,06/12/14,2,
16,VIEIRA,,DARTMOUTH,06/12/14,06/12/14,1,
29,MIDDLESEX,,DARTMOUTH,06/30/14,06/30/14,1,
208,WORDELL,,DARTMOUTH,05/22/14,07/01/14,2,
,PROSPECT,,DARTMOUTH,10/29/13,07/07/14,2,
191,HIXVILLE,,DARTMOUTH,07/07/14,07/07/14,2,
15,LOUTHAN-KIRBY,,DARTMOUTH,07/10/14,07/10/14,1,
2,SETH-DAVIS,,DARTMOUTH,07/10/14,07/10/14,1,
80,PROSPECT,,DARTMOUTH,05/21/14,07/17/14,2,
,CROSS,,DARTMOUTH,07/19/14,07/19/14,1,
51,BEVERLY,,DARTMOUTH,06/11/14,07/29/14,2,
11,MEADOWOOD,,DARTMOUTH,07/30/14,07/30/14,1,
285,OLD-WESTPORT,,DARTMOUTH,11/21/13,08/04/14,2,
,FREMONT,AT PLEASANT ST,DARTMOUTH,08/25/14,08/25/14,1,
,PLEASANT,AT FREEMONT ST,DARTMOUTH,09/02/14,09/04/14,,
,PROSPECT,AT ADAMS ST,DARTMOUTH,09/04/14,09/04/14,,
8,CHAMPION,,DARTMOUTH,09/11/14,09/11/14,,
7,MEADOWOOD,,DARTMOUTH,07/09/14,09/15/14,,
531,FAUNCE-CORNER,,DARTMOUTH,09/16/14,09/16/14,1,
354,ELM,,DARTMOUTH,09/19/14,09/19/14,2,
128,ROCKLAND,,DARTMOUTH,09/19/14,09/19/14,2,
107,ROCKLAND,,DARTMOUTH,07/18/14,10/03/14,2,
111,RUSSELL-MILLS,,DARTMOUTH,08/04/14,10/17/14,2,
80,PROSPECT,,DARTMOUTH,10/15/14,10/17/14,2,
116,STACKHOUSE,,DARTMOUTH,07/16/14,11/03/14,2,
103,PROSPECT,,DARTMOUTH,09/04/14,11/14/14,2,
61,PROSPECT,,DARTMOUTH,08/20/14,11/19/14,2,
59,GIFFORD,,DARTMOUTH,11/30/14,11/30/14,1,
20,SCHOONER,,DARTMOUTH,12/04/14,12/04/14,1,
185,CROSS,,DARTMOUTH,11/13/14,12/08/14,2,
54,CAPTAINS,,DARTMOUTH,11/19/14,12/11/14,2,
68,STOUGHTON,,DEDHAM,01/02/14,01/03/14,2,
124,TOWER,,DEDHAM,01/09/14,01/09/14,2,
,TOWER,AT SYCAMORE ST,DEDHAM,01/06/14,01/14/14,2,
142,CURVE,,DEDHAM,01/16/14,01/23/14,2,
20,HARDING,,DEDHAM,01/23/14,01/23/14,1,
122-126,RIVER,,DEDHAM,01/23/14,01/24/14,2,
,BUSSEY,AT COLBURN ST,DEDHAM,01/28/14,01/29/14,2,
111,RIVER,,DEDHAM,01/22/14,01/30/14,2,
111,RIVER,,DEDHAM,01/31/14,01/31/14,2,
12,MAVERICK,,DEDHAM,02/11/14,02/11/14,1,
122-126,RIVER,,DEDHAM,02/11/14,02/15/14,2,
,RIVERSIDE,AT WHITING AVE EXT,DEDHAM,02/15/14,02/15/14,1,
251-253,COLBURN,,DEDHAM,02/19/14,02/19/14,1,
,RIVERSIDE,AT SAMOSET,DEDHAM,02/22/14,02/22/14,1,
123,BRIDGE,,DEDHAM,02/24/14,02/24/14,2,
119,PACELLA,,DEDHAM,02/18/14,02/18/14,1,
119,PACELLA,,DEDHAM,02/07/14,02/20/14,2,
71,EMMETT,,DEDHAM,03/05/14,03/07/14,2,
63,MARLBORO,,DEDHAM,03/06/14,03/07/14,2,
61,VOLK,,DEDHAM,03/10/14,03/10/14,2,
21,LAKESIDE,,DEDHAM,03/11/14,03/11/14,1,
234-286,BUSSEY,,DEDHAM,03/11/14,03/12/14,2,
,OAKDALE,AT FAIRVIEW ST,DEDHAM,03/12/14,03/12/14,1,
11,BOW,,DEDHAM,03/12/14,03/14/14,2,
53-59,CURVE,,DEDHAM,03/14/14,03/14/14,1,
28,LEE,,DEDHAM,03/19/14,03/19/14,1,
61,PACELLA,,DEDHAM,03/21/14,03/21/14,1,
115,RIVERSIDE,,DEDHAM,03/25/14,03/26/14,2,
137,BUSSEY,,DEDHAM,04/07/14,04/07/14,1,
117,ALDEN,,DEDHAM,04/07/14,04/09/14,2,
15,LINDALE,,DEDHAM,04/08/14,04/09/14,2,
888,WASHINGTON,,DEDHAM,04/17/14,04/18/14,2,
11,PACELLA,,DEDHAM,04/18/14,04/18/14,1,
24,FAIR-OAK,,DEDHAM,04/18/14,04/24/14,2,
191,CURVE,,DEDHAM,04/24/14,04/24/14,1,
81,VIOLET,,DEDHAM,04/24/14,04/30/14,2,
52,MASSACHUSETTS,,DEDHAM,05/07/14,05/07/14,2,
474,WASHINGTON,,DEDHAM,05/07/14,05/07/14,2,
119,AMES,,DEDHAM,05/07/14,05/12/14,2,
38,BULLARD,,DEDHAM,05/19/14,05/19/14,1,
15,LINDALE,,DEDHAM,04/30/14,05/21/14,2,
2,LEE,,DEDHAM,05/27/14,05/27/14,2,
120,ALDEN,,DEDHAM,03/10/14,06/04/14,2,
43,VIOLET,,DEDHAM,06/03/14,06/04/14,2,
143,CURVE,,DEDHAM,04/27/14,06/06/14,2,
,DALE,,DEDHAM,06/09/14,06/11/14,2,
,CURVE,AT OAK ST,DEDHAM,06/18/14,06/19/14,2,
20,CHARLESBANK,,DEDHAM,06/04/14,06/24/14,2,
52,OAK,,DEDHAM,06/26/14,06/27/14,2,
,BROOKDALE,AT EAST ST,DEDHAM,07/02/14,07/07/14,1,
158,QUINCY,,DEDHAM,07/17/14,07/17/14,1,
26,LOWDER,,DEDHAM,07/21/14,07/22/14,2,
45-55,LOWDER,,DEDHAM,07/21/14,07/22/14,2,
11,CHUTE,,DEDHAM,06/30/14,08/01/14,2,
,DALE,AT 66 BORDER ST,DEDHAM,04/30/14,08/05/14,2,
72,BEECH,,DEDHAM,05/28/14,08/08/14,2,
53-59,CURVE,,DEDHAM,06/25/14,08/08/14,2,
41,DIXON,,DEDHAM,06/25/14,08/08/14,2,
41,DIXON,,DEDHAM,08/21/14,08/21/14,1,
2,LEE,,DEDHAM,08/19/14,08/25/14,2,
8,CASS,,DEDHAM,08/25/14,08/25/14,2,
42,MASSACHUSETTS,,DEDHAM,08/26/14,08/26/14,2,
22-24,CHURCH,,DEDHAM,08/12/14,09/02/14,2,
16,LEE,,DEDHAM,08/28/14,09/03/14,2,
62,CURVE,,DEDHAM,09/04/14,09/04/14,2,
1,JUNIPER,,DEDHAM,08/14/14,09/05/14,,
,NEEDHAM,,DEDHAM,08/29/14,09/08/14,,
20,CHARLESBANK,,DEDHAM,09/08/14,09/08/14,,
37,KIELY,,DEDHAM,09/08/14,09/08/14,,
12-14,CHURCH,,DEDHAM,08/13/14,09/09/14,,
98,CURVE,,DEDHAM,08/18/14,09/10/14,,
29,SPRAGUE,,DEDHAM,06/30/14,09/11/14,,
39,DALE,,DEDHAM,08/19/14,09/16/14,2,
39,DALE,,DEDHAM,09/12/14,09/16/14,2,
20,MAVERICK,,DEDHAM,08/28/14,09/18/14,2,
,RIVERSIDE,AT VINE ROAD ST,DEDHAM,09/23/14,09/23/14,1,
168,AMES,,DEDHAM,09/22/14,09/25/14,2,
53,CURVE,,DEDHAM,09/17/14,09/26/14,2,
,LEE,,DEDHAM,09/02/14,09/29/14,2,
,ORCHARD,,DEDHAM,09/16/14,09/29/14,2,
15,OHIO,,DEDHAM,09/13/14,10/02/14,2,
73,BEECH,,DEDHAM,05/28/14,10/03/14,2,
49,AMES,,DEDHAM,05/07/14,10/06/14,2,
103,JEFFERSON,,DEDHAM,10/08/14,10/08/14,1,
694,WASHINGTON,,DEDHAM,10/13/14,10/13/14,1,
28-30,HARDING,,DEDHAM,10/17/14,10/17/14,1,
,QUINCY,AT WINTHROP ST,DEDHAM,10/06/14,10/20/14,2,
347,MOUNT VERNON,,DEDHAM,10/26/14,10/26/14,1,
172,HIGH,,DEDHAM,10/28/14,10/28/14,1,
277,COURT,,DEDHAM,09/25/14,02/11/14,2,
,GRANT,AT ELMWOOD,DEDHAM,10/20/14,11/04/14,2,
12,PARSONS,,DEDHAM,09/18/14,11/06/14,2,
901,HIGH,,DEDHAM,11/03/14,11/10/14,2,
80,BIRCH,,DEDHAM,05/28/14,11/19/14,2,
133,CURVE,,DEDHAM,06/25/14,11/20/14,2,
20,CHESTER,,DEDHAM,08/13/14,11/21/14,2,
287,COURT,,DEDHAM,09/04/14,11/21/14,2,
315,GREENLODGE,,DEDHAM,08/25/14,11/25/14,2,
37-39,MYRTLE,,DEDHAM,09/15/14,11/26/14,2,
37-39,MYRTLE,,DEDHAM,11/24/14,11/28/14,1,
156,BUSSEY,,DEDHAM,11/04/14,12/01/14,2,
1,MAGENNIS,,DEDHAM,09/04/14,12/02/14,2,
,RIDGEWAY,AT GRANITE,DEDHAM,10/30/14,12/02/14,2,
15,CHICKERING,,DEDHAM,06/06/14,12/03/14,2,
46,SOUTHGATE,,DEDHAM,10/30/14,12/03/14,2,
31,WASHINGTON,,DEDHAM,10/01/14,12/04/14,2,
102,ASHCROFT,,DEDHAM,10/22/14,12/12/14,2,
,OTIS,AT EAST ST,DEDHAM,12/11/14,12/12/14,2,
,DALE,,DEDHAM,08/20/14,12/13/14,2,
915,HIGH,,DEDHAM,12/01/14,12/13/14,2,
,WASHINGTON,AT STAR LN,DEDHAM,05/23/14,12/16/14,2,
,EASTERN,,DEDHAM,08/22/14,12/17/14,2,
25,STIVALETTA,,DEDHAM,09/26/14,12/18/14,2,
19,WILLARD,,DEDHAM,10/29/14,12/20/14,2,
90,SUNSET,,DEDHAM,11/05/14,12/22/14,2,
OPP 249,MILTON,,DEDHAM,09/09/14,12/23/14,2,
,VILLAGE,AT ALLINDALE WAY,DEDHAM,11/12/14,12/26/14,2,
88,SPRAGUE,,DEDHAM,07/01/14,12/27/14,2,
,BRIDGE,,DEDHAM,07/16/14,12/27/14,2,
92,CURVE,,DEDHAM,12/27/14,12/27/14,1,
,UPLAND,AT SPRAGUE ST,DEDHAM,07/01/14,12/29/14,2,
40-46,BAY,,FAIRHAVEN,01/05/14,01/07/14,2,
10,KANE,,FAIRHAVEN,01/10/14,01/11/14,1,
60,HATHAWAY,,FAIRHAVEN,01/13/14,01/13/14,1,
17,HASTE,,FAIRHAVEN,01/16/14,01/17/14,2,
55,JERUSALEM,,FAIRHAVEN,02/05/14,01/21/14,2,
22,EVERGREEN,,FAIRHAVEN,01/14/14,02/07/14,2,
539,SCONTICUT-NECK,,FAIRHAVEN,02/12/14,02/14/14,2,
13,SPRINGHILL,,FAIRHAVEN,02/12/14,02/25/14,2,
,HUTTLESTON,AT ARSENE ST,FAIRHAVEN,02/23/14,02/25/14,2,
518,SCONTICUT-NECK,,FAIRHAVEN,02/15/14,03/21/14,2,
145,PLEASANT,,FAIRHAVEN,04/22/14,04/22/14,1,
17,COE,,FAIRHAVEN,04/23/14,04/23/14,2,
14-34,BERDON,,FAIRHAVEN,05/07/14,05/07/14,1,
155,HUTTLESTON,,FAIRHAVEN,05/12/14,05/12/14,1,
5,STEPHEN,,FAIRHAVEN,05/10/14,05/14/14,2,
,CHURCH,AT PLEASANT ST,FAIRHAVEN,05/20/14,05/21/14,2,
2,BAY-VIEW,,FAIRHAVEN,03/07/14,05/27/14,2,
,TURNER,AT FARMFIELD ST,FAIRHAVEN,03/03/14,05/28/14,2,
68,HEDGE,,FAIRHAVEN,06/16/14,06/16/14,1,
54,WASHINGTON,,FAIRHAVEN,06/17/14,06/17/14,1,
2,DAY,,FAIRHAVEN,04/04/14,06/26/14,2,
28,SMITH,,FAIRHAVEN,04/02/14,06/27/14,2,
,EDDY,,FAIRHAVEN,02/04/14,07/08/14,2,
30,LINDEN,,FAIRHAVEN,07/15/14,07/15/14,1,
276,HUTTLESTON,,FAIRHAVEN,07/31/14,07/31/14,1,
,GREEN,AT PHOENIX ST,FAIRHAVEN,05/07/14,08/05/14,2,
,GREEN,AT 9 PHOENIX ST,FAIRHAVEN,05/28/14,08/05/14,2,
44,GROVE,,FAIRHAVEN,05/03/14,08/04/14,2,
16,RESERVATION,,FAIRHAVEN,08/26/14,08/26/14,2,
17,SUMMER,,FAIRHAVEN,09/03/14,09/12/14,,
22,BROWN,,FAIRHAVEN,09/18/14,09/18/14,2,
17,COE,,FAIRHAVEN,09/15/14,09/23/14,2,
28,HAMLET,,FAIRHAVEN,07/28/14,09/26/14,2,
2,HAMLET,,FAIRHAVEN,07/29/14,09/26/14,2,
22,HATHAWAY,,FAIRHAVEN,08/13/14,09/26/14,2,
35,POINT,,FAIRHAVEN,10/04/14,10/04/14,1,
118,WEEDEN,,FAIRHAVEN,07/30/14,10/08/14,2,
137,LAUREL,,FAIRHAVEN,10/08/14,10/08/14,1,
2,RYLE,,FAIRHAVEN,10/09/14,10/09/14,1,
330,MAIN,,FAIRHAVEN,10/14/14,10/14/14,1,
134,CHESTNUT,,FAIRHAVEN,10/15/14,10/15/14,1,
110,ADAMS,,FAIRHAVEN,09/29/14,10/20/14,2,
73,HARDING,,FAIRHAVEN,10/21/14,10/21/14,1,
26,RIVET,,FAIRHAVEN,07/21/14,10/24/14,2,
15,ROSEANNE,,FAIRHAVEN,10/28/14,10/28/14,1,
35,HACKER,,FAIRHAVEN,08/08/14,11/05/14,2,
14,MANHATTAN,,FAIRHAVEN,08/11/14,11/07/14,2,
54,ADAMS,,FAIRHAVEN,09/03/14,11/07/14,2,
67,MILL,,FAIRHAVEN,11/04/14,11/07/14,2,
59,PLEASANT,,FAIRHAVEN,11/10/14,11/10/14,1,
,CASTLE,AT NORTH ST,FAIRHAVEN,10/03/14,11/19/14,2,
27,HIGHLAND,,FAIRHAVEN,08/07/14,11/20/14,2,
4,HARVARD,,FAIRHAVEN,08/12/14,11/20/14,2,
14,BONNEY,,FAIRHAVEN,08/18/14,11/20/14,2,
,FRANCIS,,FAIRHAVEN,09/26/14,11/20/14,2,
,NANCY,,FAIRHAVEN,10/27/14,11/20/14,2,
3,CHANEY,,FAIRHAVEN,11/21/14,11/21/14,1,
36,HARVARD,,FAIRHAVEN,08/12/14,11/25/14,2,
7,RIVET,,FAIRHAVEN,07/21/14,12/01/14,2,
20,FAIRHAVEN-COMMONS,,FAIRHAVEN,08/15/14,12/01/14,2,
43-46,HEDGE,,FAIRHAVEN,10/07/14,12/01/14,2,
372,MAIN,,FAIRHAVEN,10/14/14,12/02/14,2,
35,BRIDGE,,FAIRHAVEN,09/23/14,12/03/14,2,
14,NEWTON,,FAIRHAVEN,10/22/14,12/04/14,2,
309,ALDEN,,FAIRHAVEN,10/27/14,12/04/14,2,
289,HUTTLESTON,,FAIRHAVEN,07/30/14,12/05/14,2,
362,MAIN,,FAIRHAVEN,10/09/14,12/05/14,2,
6,DUDLEY,,FAIRHAVEN,10/22/14,12/08/14,2,
55,WILDING,,FAIRHAVEN,10/20/14,12/10/14,2,
14,LIVESEY,,FAIRHAVEN,10/27/14,12/10/14,2,
,HOWLAND,AT MAIN ST,FAIRHAVEN,10/17/14,12/12/14,2,
241,MAIN,,FAIRHAVEN,10/09/14,12/17/14,2,
240,ADAMS,,FAIRHAVEN,10/20/14,12/26/14,3,
14,RESERVATION,,FAIRHAVEN,12/26/14,12/29/14,2,
,HOLLIS,AT CHAFLIN ST,FRAMINGHAM,07/08/12,01/09/14,1,
26,BRIARWOOD,,FRAMINGHAM,01/09/14,01/13/14,2,
51,APPLEDOR,,FRAMINGHAM,01/13/14,01/13/14,1,
,FENWICK,AT ASHTON LN,FRAMINGHAM,01/15/14,01/15/14,2,
198,LOCKLAND,,FRAMINGHAM,01/16/14,01/17/14,2,
198,LOCKLAND,,FRAMINGHAM,01/19/14,01/21/14,2,
,CURRIER,AT LANEWOOD AVE,FRAMINGHAM,01/23/14,01/21/14,3,
198,LOCKLAND,,FRAMINGHAM,01/20/14,01/22/14,2,
237,UNION,,FRAMINGHAM,01/25/14,01/25/14,1,
39-41,WOODWARD,,FRAMINGHAM,01/28/14,01/28/14,1,
56,SECOND,,FRAMINGHAM,01/29/14,01/29/14,2,
110,ELM,,FRAMINGHAM,01/30/14,01/30/14,1,
2,NEW-YORK,,FRAMINGHAM,01/31/14,01/31/14,2,
52,BERRY,,FRAMINGHAM,02/06/14,02/06/14,1,
,WILD-OAK,,FRAMINGHAM,02/06/14,02/06/14,1,
200,LOCKLAND,,FRAMINGHAM,01/16/14,02/07/14,2,
108,JEAN,,FRAMINGHAM,02/11/14,02/11/14,2,
53,CLAFLIN,,FRAMINGHAM,02/14/14,02/16/14,1,
16,BEAVER-TERRACE,,FRAMINGHAM,02/19/14,02/19/14,1,
10,NICHOLAS,,FRAMINGHAM,02/23/14,02/25/14,2,
56,EAMES,,FRAMINGHAM,02/18/14,02/19/14,2,
58,LINDA,,FRAMINGHAM,02/15/14,02/20/14,2,
20,ROSE,,FRAMINGHAM,02/24/14,02/24/14,1,
30,ROSE,,FRAMINGHAM,02/24/14,02/24/14,2,
25,KNIGHT,,FRAMINGHAM,02/24/14,02/24/14,2,
6,STILLMAN,,FRAMINGHAM,02/24/14,02/25/14,2,
325,PLEASANT,,FRAMINGHAM,02/25/14,02/25/14,2,
327,SINGLETARY,,FRAMINGHAM,03/07/14,03/11/14,2,
16,GLEASON,,FRAMINGHAM,03/14/14,03/14/14,1,
,CONCORD,AT PHELPS ST,FRAMINGHAM,03/19/14,03/19/14,1,
30,SHAWMUT,,FRAMINGHAM,03/19/14,03/19/14,1,
8,AUGUST,,FRAMINGHAM,03/14/14,03/21/14,2,
14,CREST,,FRAMINGHAM,02/12/14,03/24/14,2,
13,ROXANNA,,FRAMINGHAM,03/26/14,03/26/14,1,
13,GINA,,FRAMINGHAM,04/04/14,04/04/14,1,
39,BERKELEY,,FRAMINGHAM,04/08/14,04/10/14,2,
400,COCHITUATE,,FRAMINGHAM,04/14/14,04/14/14,1,
,SECOND,AT BEAVER TER CIR,FRAMINGHAM,04/14/14,04/18/14,2,
19,DUFFET,,FRAMINGHAM,05/03/14,05/03/14,1,
28,DUFFET,,FRAMINGHAM,05/07/14,05/07/14,1,
11,VICTORY,,FRAMINGHAM,04/18/14,05/12/14,2,
153,FRANKLIN,,FRAMINGHAM,05/12/14,05/12/14,1,
89,MAYNARD,,FRAMINGHAM,05/15/14,05/15/14,1,
19,DUFFET,,FRAMINGHAM,05/22/14,05/22/14,1,
,LANEWOOD,AT ROLLING DR,FRAMINGHAM,05/28/14,05/28/14,2,
,CHARLES,AT HOLLIS ST,FRAMINGHAM,05/28/14,05/29/14,2,
4,BANCROFT,,FRAMINGHAM,06/10/14,06/10/14,1,
19,LARRABEE,,FRAMINGHAM,06/12/14,06/12/14,1,
997,WAVERLY,,FRAMINGHAM,06/13/14,06/13/14,1,
42,GILBERT,,FRAMINGHAM,06/18/14,06/18/14,1,
107,ROUNDTOP,,FRAMINGHAM,06/23/14,06/23/14,1,
100,MOUNTAIN,,FRAMINGHAM,06/24/14,06/24/14,1,
565,POTTER,,FRAMINGHAM,05/28/14,07/11/14,2,
19,DUFFET,,FRAMINGHAM,07/13/14,07/13/14,1,
396,OLD-CONNECTICUT,,FRAMINGHAM,07/09/14,07/14/14,2,
9,CRESTWOOD,,FRAMINGHAM,03/25/14,07/15/14,2,
329,SINGLETARY,,FRAMINGHAM,07/15/14,07/15/14,1,
60,ELM,,FRAMINGHAM,07/21/14,07/21/14,1,
477,EDGELL,,FRAMINGHAM,08/01/14,08/01/14,1,
198,LOCKLAND,,FRAMINGHAM,05/03/14,08/04/14,2,
200,LOCKLAND,,FRAMINGHAM,05/03/14,08/04/14,2,
36,BELVIDERE,,FRAMINGHAM,08/07/14,08/07/14,2,
51-53,LAWRENCE,,FRAMINGHAM,07/31/14,07/31/14,1,
28,BRIARWOOD,,FRAMINGHAM,07/31/14,07/31/14,1,
,WINTHROP,AT MELLEN ST,FRAMINGHAM,06/25/14,08/01/14,2,
,WINTER,AT WAVERLY ST,FRAMINGHAM,08/05/14,08/05/14,1,
19,PRIOR,,FRAMINGHAM,08/06/14,08/06/14,1,
46,BETHANY,,FRAMINGHAM,08/26/14,08/26/14,1,
615,CONCORD,,FRAMINGHAM,01/06/14,09/05/14,,
60,SPEEN,,FRAMINGHAM,09/05/14,09/09/14,,
1500,WORCESTER,,FRAMINGHAM,09/09/14,09/09/14,,
43,WOODMERE,,FRAMINGHAM,09/10/14,09/10/14,,
15,LINDBERGH,,FRAMINGHAM,08/26/14,09/24/14,2,
15,LINDBERGH,,FRAMINGHAM,09/04/14,09/24/14,2,
1492,CONCORD,,FRAMINGHAM,09/29/14,09/29/14,1,
108,FAY,,FRAMINGHAM,10/06/14,10/06/14,2,
847,CENTRAL,,FRAMINGHAM,10/20/14,10/20/14,1,
26A-26B,A,,FRAMINGHAM,10/28/14,10/28/14,1,
911,EDGELL,,FRAMINGHAM,10/30/14,10/30/14,1,
19,DUFFETT,,FRAMINGHAM,11/09/14,11/09/14,1,
1004-1008,PLEASANT,,FRAMINGHAM,09/19/14,11/21/14,2,
1004,PLEASANT,,FRAMINGHAM,11/22/14,11/22/14,2,
14,CREST,,FRAMINGHAM,09/23/14,11/28/14,2,
110,ROUNDTOP,,FRAMINGHAM,12/01/14,12/01/14,2,
16,HILLSIDE,,FRAMINGHAM,12/03/14,12/03/14,1,
9-11,MORTON,,FRAMINGHAM,12/05/14,12/05/14,2,
,CLAUDETTE,AT LYMAN RD,FRAMINGHAM,09/11/14,12/08/14,2,
35,NEWTON,,FRAMINGHAM,06/16/14,12/11/14,2,
74-76,NEW YORK,,FRAMINGHAM,12/12/14,12/12/14,1,
79,BEACON,,FRAMINGHAM,10/29/14,12/17/14,2,
1,FRANCINE,,FRAMINGHAM,12/16/14,12/17/14,2,
33,GLEASON,,FRAMINGHAM,10/28/14,12/22/14,2,
37,LYMAN,,FRAMINGHAM,11/04/14,12/22/14,2,
98,LAWRENCE,,FRAMINGHAM,11/13/14,12/23/14,2,
10,CRESTWOOD,,FRAMINGHAM,12/16/14,12/23/14,2,
907,PLEASANT,,FRAMINGHAM,04/02/14,12/26/14,2,
57,BETHANY,,FRAMINGHAM,05/06/14,12/26/14,2,
138,TARALLI,,FRAMINGHAM,09/19/14,12/29/14,2,
,LINCOLN,,FRAMINGHAM,09/23/14,12/29/14,2,
20,SECOND,,FRAMINGHAM,11/12/14,12/29/14,2,
573,PLEASANT,,FRAMINGHAM,05/14/14,12/30/14,2,
1062,GROVE,,FRAMINGHAM,12/30/14,12/30/14,1,
7,N-MAIN,,GRAFTON,01/10/14,01/10/14,1,
,HOLLYWOOD,AT BEVERLY RD,GRAFTON,01/10/14,01/10/14,2,
1-5,WOODBRIDGE,,GRAFTON,01/13/14,01/13/14,1,
35,GRAFTN-COMN,,GRAFTON,01/15/14,01/16/14,2,
35,GRAFTN-COMN,,GRAFTON,02/02/14,02/03/14,2,
,JANET,AT DORIS,GRAFTON,03/06/14,03/07/14,1,
,DORIS,AT MARYANN DR,GRAFTON,03/14/14,03/14/14,1,
2,MILL,,GRAFTON,03/24/14,03/24/14,2,
33,SOUTH,,GRAFTON,05/01/14,05/02/14,1,
52,ELMWOOD,,GRAFTON,05/14/14,05/14/14,2,
19,BAY-FARM,,GRAFTON,07/19/14,07/19/14,1,
9,SUNRISE,,GRAFTON,07/16/14,07/29/14,2,
85,PROVIDENCE,,GRAFTON,08/04/14,08/06/14,2,
27-33,BUTTERCUP,,GRAFTON,09/15/14,09/15/14,2,
79,ELMWOOD,,GRAFTON,11/10/14,11/10/14,2,
33,GORDON,,GRAFTON,11/20/14,11/24/14,2,
160,RESERVOIR,,HOLDEN,09/11/14,09/11/14,,
10,WOODRIDGE,,HOLDEN,11/26/14,12/04/14,2,
71,TRACY-LYN,,HOLLISTON,01/03/14,01/05/14,2,
12,METCALF,,HOLLISTON,01/06/14,01/06/14,2,
,WASHINGTON,,HOLLISTON,01/05/14,01/28/14,2,
1605,WASHINGTON,,HOLLISTON,01/19/14,01/28/14,2,
286,WASHINGTON,,HOLLISTON,01/31/14,02/04/14,2,
286,WASHINGTON,,HOLLISTON,02/05/14,02/05/14,2,
16,PINECREST,,HOLLISTON,01/30/14,02/07/14,2,
730,NORFOLK,,HOLLISTON,02/03/14,02/07/14,2,
16,BRADFORD-JAY,,HOLLISTON,02/03/14,02/10/14,2,
,WASHINGTON,AT POPE,HOLLISTON,02/03/14,02/12/14,2,
,WASHINGTON,,HOLLISTON,02/10/14,02/12/14,2,
83,MOHAWK,,HOLLISTON,02/18/14,02/18/14,1,
,CHESTNUT,AT WASHINGTON ST,HOLLISTON,02/22/14,02/24/14,2,
66,WILKINS,,HOLLISTON,02/23/14,02/25/14,2,
35,PAUL,,HOLLISTON,03/14/14,03/17/14,2,
56,MORTON,,HOLLISTON,03/17/14,03/18/14,2,
48,PINECREST,,HOLLISTON,03/20/14,03/21/14,2,
,OAKRIDGE,AT BIRCHWOOD RD,HOLLISTON,03/20/14,03/24/14,2,
17,OAKRIDGE,,HOLLISTON,03/20/14,03/25/14,2,
10,COLONIAL,,HOLLISTON,06/10/14,06/10/14,1,
7-9,PINECREST,,HOLLISTON,06/18/14,06/19/14,2,
11,INDIAN,,HOLLISTON,08/06/14,08/06/14,1,
310,HIGH,,HOLLISTON,08/05/14,08/05/14,2,
49,PINECREST,,HOLLISTON,08/26/14,08/26/14,2,
127,MOHAWK,,HOLLISTON,09/16/14,09/16/14,2,
,TURNER,,HOLLISTON,07/15/14,09/18/14,2,
729,CENTRAL,,HOLLISTON,09/24/14,09/25/14,2,
29,CONCORD,,HOLLISTON,10/28/14,10/28/14,2,
149,HOLLY,,HOLLISTON,10/28/14,10/28/14,1,
29,CONCORD,,HOLLISTON,10/28/14,10/28/14,1,
65,BRADFORD JAY,,HOLLISTON,12/12/14,12/12/14,1,
1212,WASHINGTON,,HOLLISTON,10/27/14,12/18/14,2,
49,PINECREST,,HOLLISTON,12/17/14,12/18/14,2,
37,ADIN,,HOPEDALE,01/15/14,01/15/14,1,
3-4,LAKE,,HOPEDALE,03/27/14,03/27/14,1,
93,DUTCHER,,HOPEDALE,04/14/14,04/14/14,1,
107,HOPEDALE,,HOPEDALE,09/14/14,09/14/14,,
,FREEDOM,,HOPEDALE,12/12/14,12/12/14,1,
,WOOD,AT WHISPER WAY,HOPKINTON,01/15/14,01/29/14,2,
,EASTVIEW,,HOPKINTON,05/02/14,05/02/14,1,
353,WOOD,,HOPKINTON,05/28/14,05/30/14,2,
200,WOOD,,HOPKINTON,05/30/14,06/04/14,2,
13,THAYER-HTS,,HOPKINTON,05/31/14,06/04/14,2,
13,THAYER-HTS,,HOPKINTON,06/02/14,06/04/14,2,
,CEDAR,AT ALKEN ST,HOPKINTON,06/24/14,06/24/14,1,
34,CONNELLY-HILL,,HOPKINTON,07/25/14,07/25/14,1,
333,WOOD,,HOPKINTON,09/08/14,10/08/14,2,
319,WOOD,,HOPKINTON,09/09/14,10/08/14,2,
15,FROSTPANE,,HOPKINTON,10/14/14,10/14/14,1,
171,SOUTH,,HOPKINTON,10/31/14,10/31/14,1,
8-12,TREVOR,,HOPKINTON,11/05/14,11/05/14,2,
129,WOOD,,HOPKINTON,11/03/14,12/04/14,2,
,WOOD,,HOPKINTON,11/14/14,12/04/14,2,
6-8,RYEGRASS,,HOPKINTON,12/18/14,12/18/14,1,
28,CEDAR,,HOPKINTON,10/30/14,12/20/14,2,
158,HAYDEN ROWE,,HOPKINTON,12/10/14,12/29/14,2,
12,FLORENCE,,HUDSON,01/11/14,01/11/14,1,
40-46,MICHIGAN,,HUDSON,01/18/14,01/18/14,1,
40-46,MICHIGAN,,HUDSON,01/19/14,01/21/14,2,
322,CENTRAL,,HUDSON,01/21/14,01/21/14,1,
11R,LINCOLN,,HUDSON,01/28/14,01/28/14,1,
11R,SCHOOL,,HUDSON,01/29/14,01/29/14,2,
,CAUSEWAY,,HUDSON,11/14/13,01/30/14,2,
23,CHAMPLAIN,,HUDSON,01/19/14,02/10/14,2,
17,HURON,,HUDSON,02/25/14,02/25/14,2,
49,ONTARIO,,HUDSON,02/24/14,02/24/14,1,
,ONTARIO,AT SARATOGA DR,HUDSON,02/24/14,02/24/14,1,
6,NIXON,,HUDSON,02/24/14,02/24/14,1,
14,HOUGHTON,,HUDSON,03/06/14,03/06/14,1,
11,CAYUGA,,HUDSON,03/16/14,03/24/14,2,
11,RICHARDSON,,HUDSON,03/25/14,03/26/14,2,
12,RICHARDSON,,HUDSON,03/25/14,03/27/14,2,
12,CAYUGA,,HUDSON,03/28/14,04/02/14,2,
106,RIVER,,HUDSON,04/07/14,04/07/14,1,
26,STRATTON,,HUDSON,04/07/14,04/09/14,2,
5,PARMENTER,,HUDSON,04/16/14,04/16/14,1,
560,MAIN,,HUDSON,05/05/14,05/05/14,1,
66,OLD-BOLTON,,HUDSON,05/07/14,05/07/14,1,
310,COX,,HUDSON,05/12/14,05/12/14,1,
12,BARRETTS,,HUDSON,06/02/14,06/02/14,1,
1,WALCOTT,,HUDSON,07/23/14,07/27/14,2,
46-48,COTTAGE,,HUDSON,07/30/14,07/30/14,1,
49,MAIN,,HUDSON,08/02/14,08/02/14,1,
460-462,MAIN,,HUDSON,08/06/14,08/07/14,2,
31,BROOK,,HUDSON,07/03/14,08/06/14,2,
,FOREST,AT WILKINS ST,HUDSON,08/19/14,08/25/14,2,
59,OLD-BOLTON,,HUDSON,09/16/14,09/16/14,1,
38,STEVENS,,HUDSON,09/17/14,09/17/14,1,
77,FORT-MEADOW,,HUDSON,08/19/14,09/25/14,2,
59,OLD-BOLTON,,HUDSON,09/30/14,10/06/14,2,
9-11,DOVER,,HUDSON,09/02/14,10/09/14,2,
19,ONTARIO,,HUDSON,09/08/14,10/09/14,2,
11,RIVERVIEW,,HUDSON,10/13/14,10/13/14,1,
36,STEVENS,,HUDSON,10/14/14,10/14/14,1,
6,RICE,,HUDSON,11/05/14,11/05/14,1,
98,CENTRAL,,HUDSON,11/15/14,11/15/14,2,
9,DOVER,,HUDSON,11/23/14,11/23/14,1,
1,SANTOS,,HUDSON,12/03/14,12/03/14,1,
,HIGHLAND PARK,,HUDSON,12/03/14,12/03/14,1,
,RIVER,AT FOUR BRIDGES RD,HUDSON,12/12/14,12/27/14,2,
107,WILLIAM,,HYDE PARK,01/08/14,01/09/14,2,
94,ARLINGTON,,HYDE PARK,11/19/13,01/16/14,2,
59-61,BEECHMONT,,HYDE PARK,06/03/13,01/17/14,3,
59-61,BEECHMONT,,HYDE PARK,11/19/13,01/17/14,2,
2,MEADOWVIEW,,HYDE PARK,01/17/14,01/18/14,1,
31,COMO,,HYDE PARK,01/20/14,01/20/14,1,
37,READVILLE,,HYDE PARK,01/25/14,01/27/14,2,
18,HALSEY,,HYDE PARK,01/28/14,01/28/14,1,
,READVILLE,AT NEPONSET CALLEY PKY,HYDE PARK,01/27/14,01/30/14,2,
118,HIGHLAND,,HYDE PARK,01/30/14,01/30/14,1,
31,WILLIAM,,HYDE PARK,01/08/14,02/04/14,2,
96,WILLOW,,HYDE PARK,02/04/14,02/06/14,2,
53,BEACON,,HYDE PARK,02/10/14,02/10/14,1,
21,BUCKINGHAM,,HYDE PARK,02/11/14,02/11/14,1,
1284,HYDE-PARK,,HYDE PARK,02/22/14,02/23/14,1,
24-26,SILVIA,,HYDE PARK,02/24/14,02/25/14,2,
6,MAPLE,,HYDE PARK,02/17/14,02/17/14,1,
19,PERKINS,,HYDE PARK,02/19/14,02/19/14,1,
42,CLEVELAND,,HYDE PARK,02/21/14,02/21/14,1,
7-9,ROXANNA,,HYDE PARK,02/21/14,02/24/14,2,
56,W-MILTON,,HYDE PARK,02/22/14,02/24/14,2,
131,READVILLE,,HYDE PARK,12/06/13,02/25/14,2,
228,NEPONSET-VLY,,HYDE PARK,07/16/13,03/14/14,1,
20,HILLIS,,HYDE PARK,03/14/14,03/14/14,1,
83,WOOD,,HYDE PARK,03/19/14,03/19/14,1,
24,RIVERSIDE,,HYDE PARK,03/18/14,03/20/14,2,
58,DANA,,HYDE PARK,03/19/14,03/27/14,2,
225,MARGARETTA,,HYDE PARK,03/31/14,03/31/14,1,
22-24,RALDNE,,HYDE PARK,04/09/14,04/11/14,2,
22-24,RALDNE,,HYDE PARK,04/14/14,04/16/14,2,
46-48,RALDNE,,HYDE PARK,04/10/14,04/22/14,2,
1285,HYDE-PARK,,HYDE PARK,04/21/14,04/22/14,1,
26,GEORGETOWN,,HYDE PARK,04/25/14,04/25/14,1,
26,GEORGETOWN,,HYDE PARK,04/25/14,04/25/14,1,
36,CHITTICK,,HYDE PARK,04/16/14,05/02/14,2,
,W-MILTON,AT PINE AVE,HYDE PARK,04/06/14,05/05/14,2,
77,W-MILTON,,HYDE PARK,04/29/14,05/05/14,2,
63,HALLRON,,HYDE PARK,04/28/14,05/12/14,2,
20,MYOPIA,,HYDE PARK,04/28/14,05/12/14,2,
39,NORTON,,HYDE PARK,05/12/14,05/14/14,1,
76,CROWN-POINT,,HYDE PARK,05/09/14,05/19/14,2,
59,HALLRON,,HYDE PARK,05/21/14,05/23/14,2,
,HYDE-PARK,,HYDE PARK,11/14/13,05/27/14,2,
5,BRADLEE,,HYDE PARK,05/28/14,05/28/14,2,
50-52,GEORGETOWN,,HYDE PARK,06/09/14,06/09/14,1,
115-117,CLARE,,HYDE PARK,06/20/14,06/20/14,2,
464,METROPOLITAN,,HYDE PARK,06/06/14,06/25/14,2,
871,HYDE-PARK,,HYDE PARK,07/08/14,07/08/14,2,
85,READVILLE,,HYDE PARK,11/22/13,07/11/14,2,
544,METROPOLITAN,,HYDE PARK,07/17/14,07/17/14,1,
15-17,RALDNE,,HYDE PARK,07/21/14,07/21/14,1,
114,CLARE,,HYDE PARK,07/11/14,07/25/14,2,
6,CORCORAN,,HYDE PARK,07/26/14,07/26/14,1,
40,COMO,,HYDE PARK,07/31/14,08/01/14,2,
87,LEWISTON,,HYDE PARK,07/17/14,08/05/14,2,
,LODGEHILL,AT MAGEE ST,HYDE PARK,08/06/14,08/07/14,2,
201,WOOD,,HYDE PARK,08/01/14,08/01/14,1,
20,LODGEHILL,,HYDE PARK,07/07/14,08/05/14,2,
,MAGEE,AT LODGE HILL RD,HYDE PARK,08/05/14,08/05/14,1,
762,HYDE-PARK,,HYDE PARK,08/04/14,08/06/14,2,
11,AVILA,,HYDE PARK,08/06/14,08/06/14,1,
55,ANAFRAN,,HYDE PARK,08/26/14,08/26/14,1,
44,CHESTERFIELD,,HYDE PARK,08/27/14,08/27/14,2,
7-9,LODGEHILL,,HYDE PARK,08/25/14,09/02/14,2,
46,MONPONSET,,HYDE PARK,06/20/14,09/05/14,,
46,MONPONSET,,HYDE PARK,06/20/14,09/05/14,,
,GREENBROOK,,HYDE PARK,09/16/14,09/16/14,2,
96,GORDON,,HYDE PARK,09/16/14,09/17/14,2,
44,CHESTERFIELD,,HYDE PARK,09/18/14,09/19/14,2,
7-9,ROXANNA,,HYDE PARK,08/11/14,09/23/14,2,
83,ANNAFRAN,,HYDE PARK,08/01/14,10/06/14,2,
88,ANAFRAN,,HYDE PARK,10/06/14,10/09/14,2,
51,COMO,,HYDE PARK,10/21/14,10/28/14,2,
75,ANNAFRAN,,HYDE PARK,10/27/14,10/30/14,2,
89,READVILLE,,HYDE PARK,10/31/14,10/31/14,1,
22,GEORGE,,HYDE PARK,08/21/14,11/07/14,2,
28,GEORGE,,HYDE PARK,08/21/14,11/07/14,2,
107,CHESTERFIELD,,HYDE PARK,10/16/14,11/14/14,2,
55,WESTMINSTER,,HYDE PARK,11/14/14,11/15/14,1,
61,THOMPSON,,HYDE PARK,11/12/14,11/19/14,2,
19,HALSEY,,HYDE PARK,11/14/14,11/25/14,3,
25,TAUNTON,,HYDE PARK,11/20/14,11/28/14,2,
18-20,RALDNE,,HYDE PARK,04/14/14,12/04/14,2,
,MAIDA,AT RIVER ST,HYDE PARK,04/23/14,12/08/14,2,
51,LINCOLN,,HYDE PARK,08/20/14,12/08/14,2,
36,CLIFFORD,,HYDE PARK,12/08/14,12/08/14,1,
48,CHESTERFIELD,,HYDE PARK,08/21/14,12/11/14,2,
51,CHESTERFIELD,,HYDE PARK,12/11/14,12/11/14,2,
28,BRADLEE,,HYDE PARK,04/23/14,12/12/14,2,
50,COMO,,HYDE PARK,07/21/14,12/12/14,2,
28,BRADLEE,,HYDE PARK,12/04/14,12/12/14,2,
78-80,ARLINGTON,,HYDE PARK,10/07/14,12/15/14,2,
15,MACDONALD,,HYDE PARK,11/06/14,12/15/14,2,
1457,HYDE PARK,,HYDE PARK,12/01/14,12/16/14,2,
1457,HYDE PARK,,HYDE PARK,12/16/14,12/16/14,1,
24,PLEASANT,,HYDE PARK,12/16/14,12/19/14,,
108,ARLINGTON,,HYDE PARK,10/07/14,12/20/14,2,
189,WOOD,,HYDE PARK,11/13/14,12/20/14,2,
120,ARLINGTON,,HYDE PARK,10/08/14,12/22/14,2,
,TRUMAN,AT WAKEFIELD AVE,HYDE PARK,11/21/14,12/22/14,2,
25,FRIENDSHIP,,HYDE PARK,12/18/14,12/22/14,2,
,GEORGETOWN,AT DEDHAM PARKWAY,HYDE PARK,05/21/14,12/23/14,2,
19-21,SUNCREST,,HYDE PARK,12/23/14,12/23/14,2,
730,TRUMAN,,HYDE PARK,12/26/14,12/28/14,2,
11,SUNNYSIDE,,HYDE PARK,04/07/14,12/30/14,2,
7,OSCEOLA,,HYDE PARK,12/18/14,12/30/14,2,
4,PINE,,KINGSTON,02/19/14,02/19/14,1,
55,SUMMER,,KINGSTON,03/19/14,03/20/14,2,
42,ELM,,KINGSTON,04/24/14,04/24/14,1,
4,BAY,,KINGSTON,06/16/14,08/04/14,2,
95-97,SUMMER,,KINGSTON,09/02/14,09/02/14,2,
178,SUMMER,,KINGSTON,11/13/14,11/13/14,1,
16,PROSPECT,,KINGSTON,12/29/14,12/30/14,2,
31,MAIN,,MARION,03/27/14,03/27/14,1,
9,SCHOOL,,MARION,03/30/14,03/30/14,1,
8,PIE,,MARION,05/06/14,05/06/14,2,
48,SOUTH,,MARION,05/15/14,05/15/14,1,
48,SOUTH,,MARION,04/16/14,05/16/14,1,
48,SOUTH,,MARION,05/16/14,05/16/14,1,
345,FRONT,,MARION,01/13/14,07/21/14,2,
71,LEWIS,,MARION,05/03/14,08/04/14,2,
75,WATER,,MARION,09/30/14,11/14/14,2,
283,FRONT,,MARION,11/21/14,12/16/14,2,
80,MAIN,,MARION,12/19/14,12/26/14,2,
,LEWIS,,MARION,12/15/14,12/29/14,2,
92,DARTMOUTH,,MARLBORO,01/07/14,01/08/14,1,
,CHURCH,AT SHAWMUT AVE,MARLBORO,01/04/14,01/09/14,2,
48,E-MAIN,,MARLBORO,01/13/14,01/13/14,1,
,MACINTOSH,AT STEVEN ST,MARLBORO,01/14/14,01/15/14,2,
187,SOUTH,,MARLBORO,02/01/14,02/01/14,1,
5,LIBBY,,MARLBORO,02/04/14,02/04/14,1,
279,ELM,,MARLBORO,11/26/13,02/06/14,2,
671,BRIGHAM,,MARLBORO,02/14/14,02/14/14,1,
118,CONRAD,,MARLBORO,02/22/14,02/24/14,2,
50,HELEN,,MARLBORO,01/30/14,02/21/14,2,
77,WASHINGTON,,MARLBORO,02/24/14,02/24/14,2,
150,LEOLEIS,,MARLBORO,01/08/14,02/26/14,2,
499,BRIGHAM,,MARLBORO,03/11/14,03/11/14,1,
17,DALTON,,MARLBORO,03/12/14,03/12/14,1,
120,CHESTNUT,,MARLBORO,03/13/14,03/13/14,1,
,MAPLE,,MARLBORO,02/15/14,03/17/14,2,
139,PLEASANT,,MARLBORO,01/29/14,03/19/14,2,
117,MELODY,,MARLBORO,03/28/14,03/28/14,1,
280,ELM,,MARLBORO,03/30/14,03/30/14,1,
,BOLTON,,MARLBORO,01/15/13,04/04/14,2,
45,LAKESIDE,,MARLBORO,04/29/14,05/05/14,2,
77,CHESTNUT,,MARLBORO,05/02/14,05/05/14,2,
170,MORRISSEY,,MARLBORO,05/02/14,05/08/14,2,
38,FAIRMOUNT,,MARLBORO,05/27/14,05/27/14,1,
676,STEVENS,,MARLBORO,05/20/14,05/28/14,2,
21,BRIMSMEAD,,MARLBORO,05/28/14,05/29/14,2,
22,BRIMSMEAD,,MARLBORO,05/30/14,06/02/14,2,
28,DAVIS,,MARLBORO,05/31/14,06/06/14,2,
28,DAVIS,,MARLBORO,06/07/14,06/07/14,1,
64A,CHURCH,,MARLBORO,06/11/14,06/11/14,1,
351,ELM,,MARLBORO,06/19/14,06/20/14,1,
359,ELM,,MARLBORO,06/19/14,06/20/14,1,
498,HOSMER,,MARLBORO,06/23/14,06/23/14,1,
249,CEDAR-HILL,,MARLBORO,06/30/14,06/30/14,1,
18,BRIMSMEAD,,MARLBORO,07/10/14,07/11/14,1,
351,ELM,,MARLBORO,06/22/14,07/14/14,2,
359,ELM,,MARLBORO,07/02/14,07/14/14,2,
125,FRAMINGHAM,,MARLBORO,07/14/14,07/14/14,1,
,MCENNELLY,AT WASHINGTON ST,MARLBORO,07/17/14,07/21/14,2,
,TURNER-RIDGE,,MARLBORO,07/21/14,07/21/14,1,
273,W-MAIN,,MARLBORO,07/21/14,07/21/14,1,
23-24,ROYAL-CREST,,MARLBORO,08/02/14,08/02/14,1,
20,SAWIN,,MARLBORO,06/30/14,08/01/14,2,
18,CHURCH,,MARLBORO,08/02/14,08/02/14,1,
28,HURLEY,,MARLBORO,05/28/14,08/05/14,2,
607,SUDBURY,,MARLBORO,08/22/14,08/22/14,1,
322,CHURCH,,MARLBORO,08/25/14,08/25/14,1,
13,BERGERON,,MARLBORO,08/26/14,08/26/14,1,
618,SUDBURY,,MARLBORO,08/27/14,08/27/14,1,
210,CHURCH,,MARLBORO,06/16/14,08/28/14,1,
261,CHURCH,,MARLBORO,09/12/14,09/12/14,,
201,CHURCH,,MARLBORO,09/24/14,09/24/14,1,
45,RIPLEY,,MARLBORO,10/01/14,10/07/14,2,
,BRIGHAM,AT ELM,MARLBORO,10/06/14,10/08/14,2,
12,TURNER RIDGE,,MARLBORO,10/12/14,10/12/14,1,
293,WEST BOSTON POST,,MARLBORO,10/18/14,10/18/14,1,
62,CHURCH,,MARLBORO,10/18/14,10/18/14,1,
225,ELM,,MARLBORO,10/21/14,10/21/14,2,
40,FITZGERALD,,MARLBORO,10/13/14,11/05/14,2,
330,EAST BOSTON POST,,MARLBORO,10/27/14,11/10/14,2,
313,WEST BOSTON POST,,MARLBORO,11/10/14,11/10/14,1,
498,HOSMER,,MARLBORO,11/12/14,11/13/14,1,
90,HIGHLAND,,MARLBORO,11/13/14,11/13/14,2,
120,CONCORD,,MARLBORO,11/13/14,11/13/14,1,
2302,PARK VIEW,,MARLBORO,11/25/14,11/25/14,1,
26-36,BERLIN,,MARLBORO,08/21/14,12/01/14,2,
65,BRIMSMEAD,,MARLBORO,12/03/14,12/07/14,2,
205,CHURCH,,MARLBORO,12/11/14,12/11/14,2,
100,GRACE,,MARLBORO,10/14/14,12/13/14,2,
46,HOSMER,,MARLBORO,10/29/14,12/13/14,2,
22,CLOVER HILL,,MARLBORO,12/15/14,12/17/14,2,
56,FARMINGTON,,MARLBORO,12/01/14,12/20/14,2,
40,FITZGERALD,,MARLBORO,12/15/14,12/21/14,2,
98,SANDINI,,MARLBORO,04/08/14,12/31/14,2,
,SANDINI,AT TELLER ST,MARLBORO,05/14/14,12/31/14,2,
,TAUNTON,AT 61 ROSEBERRY RD,MATTAPAN,07/26/14,07/29/14,2,
41,SUNCREST,,MATTAPAN,08/04/14,12/05/14,2,
118,BLAKE,,MATTAPAN,08/11/14,12/05/14,2,
12,RIVER,,MATTAPOISETT,02/10/14,02/12/14,2,
8,WINNATUXETT,,MATTAPOISETT,02/15/14,02/25/14,2,
3,WATER,,MATTAPOISETT,03/07/14,03/07/14,1,
12,LEBARON,,MATTAPOISETT,03/10/14,03/18/14,2,
,AUCOOT,AT BOWMAN RD,MATTAPOISETT,03/12/14,04/08/14,2,
77,NORTH,,MATTAPOISETT,04/30/14,04/30/14,1,
,AUCOOT,AT BOWMAN ST,MATTAPOISETT,05/09/14,05/27/14,2,
8,MAIN,,MATTAPOISETT,06/04/14,06/04/14,1,
23,NORTH,,MATTAPOISETT,10/19/14,10/19/14,1,
30,WATER,,MATTAPOISETT,08/26/14,10/20/14,2,
39,RIVER,,MATTAPOISETT,06/10/14,10/28/14,2,
16,RESERVATION,,MATTAPOISETT,10/28/14,10/28/14,1,
5,SHAW,,MATTAPOISETT,09/18/14,10/29/14,2,
44,FAIRHAVEN,,MATTAPOISETT,10/02/14,11/21/14,2,
27-29,ARTHUR,,MAYNARD,02/20/14,02/20/14,1,
10,MCKINLEY,,MAYNARD,02/24/14,02/24/14,1,
11,MCKINLEY,,MAYNARD,04/04/14,04/04/14,2,
14,DOUGLAS,,MAYNARD,04/01/14,04/09/14,2,
,DOUGLAS,AT GARFIELD ST,MAYNARD,04/10/14,04/10/14,1,
25,DOUGLAS,,MAYNARD,04/09/14,04/30/14,2,
10,FOWLER,,MAYNARD,05/20/14,05/20/14,1,
149,MAIN,,MAYNARD,06/18/14,06/18/14,1,
,DOUGLAS,AT GARFIELD ST,MAYNARD,08/05/14,08/05/14,2,
17,NASON,,MAYNARD,08/05/14,08/05/14,2,
100,SUMMER,,MAYNARD,07/17/14,08/05/14,2,
100,SUMMER,,MAYNARD,08/05/14,08/05/14,2,
5-19,RIVER,,MAYNARD,10/24/14,10/24/14,1,
19,GEORGE,,MAYNARD,10/31/14,10/31/14,1,
19,GEORGE,,MAYNARD,10/31/14,10/31/14,1,
42,DURANT,,MAYNARD,10/20/14,11/07/14,2,
7,PINE,,MAYNARD,11/12/14,11/21/14,2,
15,ELM,,MAYNARD,10/28/14,12/02/14,2,
1,WEST,,MAYNARD,10/28/14,12/05/14,2,
18,WALTHAM,,MAYNARD,10/22/14,12/11/14,2,
43,ACTON,,MAYNARD,10/30/14,12/20/14,2,
2,FLORIDA,,MAYNARD,11/13/14,12/20/14,2,
25,LEWIS,,MAYNARD,11/19/14,12/20/14,2,
23,RAILROAD,,MAYNARD,10/21/14,12/23/14,2,
257,MAIN,,MAYNARD,10/23/14,12/26/14,2,
49,RIVER,,MAYNARD,11/05/14,12/26/14,2,
49,RIVER,,MAYNARD,11/05/14,12/26/14,2,
15,DEANE,,MAYNARD,11/07/14,12/30/14,2,
11A-B,DEANE,,MAYNARD,11/10/14,12/30/14,2,
45,FOREST,,MILFORD,01/15/14,01/16/14,2,
98,WEST,,MILFORD,01/25/14,01/25/14,1,
500,FORTUNE,,MILFORD,01/29/14,01/29/14,2,
,FREEDOM,AT PROSPECT ST,MILFORD,01/30/14,01/31/14,2,
140,WEST,,MILFORD,01/10/14,02/01/14,2,
140,WEST,,MILFORD,02/01/14,02/01/14,1,
17,PRINCETON,,MILFORD,02/15/14,02/20/14,2,
29,GRANT,,MILFORD,02/17/14,02/20/14,2,
29,PRINCETON,,MILFORD,02/21/14,02/21/14,1,
10,FOREST,,MILFORD,02/21/14,02/24/14,2,
,GROVE,,MILFORD,03/11/14,03/17/14,2,
140,WEST,,MILFORD,03/17/14,03/17/14,1,
20,WEST,,MILFORD,04/05/14,04/05/14,1,
83,CEDAR,,MILFORD,05/01/14,05/01/14,1,
37,GRANT,,MILFORD,06/24/14,06/24/14,1,
9,DARTMOUTH,,MILFORD,07/07/14,07/17/14,3,
51,SCHOOL,,MILFORD,07/30/14,07/30/14,1,
12,YALE,,MILFORD,08/26/14,08/26/14,1,
12,YALE,,MILFORD,04/04/14,08/26/14,1,
13,YALE,,MILFORD,08/26/14,09/15/14,,
8,YALE,,MILFORD,09/18/14,09/30/14,3,
,YALE,,MILFORD,09/18/14,10/02/14,3,
5,FELLS,,MILFORD,10/06/14,10/06/14,1,
17,VASSAR,,MILFORD,10/18/14,10/18/14,,
60,FOREST,,MILFORD,10/29/14,10/29/14,1,
25,DARTMOUTH,,MILFORD,10/30/14,10/30/14,1,
23,VINE,,MILFORD,11/09/14,11/09/14,1,
49-51,CONGRESS,,MILFORD,09/10/14,11/12/14,2,
25,SIMMONS,,MILFORD,11/13/14,11/13/14,1,
28,TRINITY,,MILFORD,11/17/14,11/17/14,1,
156,WEST,,MILFORD,11/20/14,11/20/14,1,
156,WEST,,MILFORD,12/01/14,12/01/14,1,
36,SCHOOL,,MILFORD,03/03/14,12/23/14,2,
76,HORNE,,MILLBURY,01/14/14,01/14/14,2,
42,MAPLE,,MILLBURY,01/15/14,01/15/14,1,
,HORNE,,MILLBURY,01/14/14,01/16/14,2,
164,W-MAIN,,MILLBURY,02/17/14,02/17/14,1,
75,ELM,,MILLBURY,04/14/14,04/14/14,1,
,CHURCH,AT N-MAIN ST,MILLBURY,08/06/14,08/06/14,1,
,ASHTON,,MILLBURY,11/10/14,11/10/14,1,
170,WEST MAIN,,MILLBURY,11/13/14,12/17/14,2,
130,ELM,,MILLBURY,12/07/14,12/17/14,2,
15,DEERFIELD,,NATICK,12/19/13,01/08/14,2,
,ROUNDWOOD,AT DEERFIELD LN,NATICK,12/20/13,01/08/14,2,
1245,WORCESTER,,NATICK,01/09/14,01/10/14,2,
7,RIVER,,NATICK,01/14/14,01/14/14,1,
16,OVERBROOK,,NATICK,01/14/14,01/14/14,1,
6,RIVER,,NATICK,01/14/14,01/14/14,1,
121,W-CENTRAL,,NATICK,01/23/14,01/23/14,1,
30,PILGRIM,,NATICK,01/24/14,01/29/14,2,
1-5,H-F-BROWN,,NATICK,01/14/14,01/30/14,2,
13,SHERWOOD,,NATICK,01/26/14,01/31/14,2,
18,BEVERLY,,NATICK,02/03/14,02/03/14,1,
18,BEVERLY,,NATICK,02/04/14,02/04/14,1,
1,FRANCIS,,NATICK,02/05/14,02/05/14,1,
4,ABBOT,,NATICK,01/29/14,02/10/14,2,
14,DAVID,,NATICK,02/12/14,02/12/14,1,
29,PINEHURST,,NATICK,02/23/14,02/23/14,1,
51,BORDER,,NATICK,03/13/14,03/13/14,1,
140,MILL,,NATICK,03/20/14,03/20/14,1,
29,JENNINGS-POND,,NATICK,02/21/14,03/21/14,2,
7,RIVER,,NATICK,03/30/14,03/30/14,1,
24,BARNESDALE,,NATICK,04/06/14,04/06/14,1,
28,BARNESDALE,,NATICK,04/08/14,04/08/14,2,
OPP 324,W-CENTRAL,,NATICK,04/01/14,04/11/14,2,
16,BRAEMORE,,NATICK,04/12/14,04/12/14,1,
11,FOREST,,NATICK,04/16/14,04/16/14,1,
54,WASHINGTON,,NATICK,04/21/14,04/21/14,1,
56,WASHINGTON,,NATICK,04/21/14,04/21/14,1,
319,N-MAIN,,NATICK,05/02/14,05/02/14,1,
47,ELIOT,,NATICK,05/09/14,05/09/14,1,
95,WORCESTER,,NATICK,05/12/14,05/12/14,1,
3,SAWIN,,NATICK,05/12/14,05/12/14,1,
16,BURNING-TREE,,NATICK,05/19/14,05/20/14,2,
17,VIRGINIA,,NATICK,05/30/14,06/06/14,2,
8,MERCER,,NATICK,06/12/14,06/12/14,1,
5,CHESTER,,NATICK,06/14/14,06/14/14,1,
10,BROADS,,NATICK,06/16/14,06/16/14,1,
10,BROADS,,NATICK,06/18/14,06/18/14,1,
8,MERCER,,NATICK,06/21/14,06/21/14,1,
,RICH,,NATICK,06/24/14,06/24/14,1,
8,PARKER,,NATICK,06/16/14,06/26/14,2,
14,SURREY,,NATICK,07/10/14,07/10/14,1,
,N-MAIN,AT WASHINGTON ST,NATICK,07/28/14,07/28/14,3,
37,WELLESLEY,,NATICK,07/30/14,07/30/14,1,
538,WORCESTER,,NATICK,07/30/14,07/30/14,1,
5,KELSEY,,NATICK,07/31/14,07/31/14,1,
28,FERN,,NATICK,08/01/14,08/01/14,1,
36,PITTS,,NATICK,08/01/14,08/01/14,1,
33,ELIOT,,NATICK,08/01/14,08/01/14,1,
162,E-CENTRAL,,NATICK,08/04/14,08/04/14,1,
38,HARWOOD,,NATICK,07/21/14,08/07/14,2,
5,NOTTINGHAM,,NATICK,08/01/14,08/01/14,1,
21,MANOR,,NATICK,08/04/14,08/04/14,1,
14,SURREY,,NATICK,08/06/14,08/06/14,1,
16,SURREY,,NATICK,06/27/14,08/07/14,2,
,SPEEN,AT PINEHURST,NATICK,09/03/14,09/03/14,1,
11,FISKE,,NATICK,09/08/14,09/08/14,,
20,PINEHURST,,NATICK,09/08/14,09/08/14,,
18,LONGFELLOW,,NATICK,07/22/14,09/11/14,,
33,BEVERLY,,NATICK,07/21/14,09/12/14,,
61,ELIOT-HILL,,NATICK,09/05/14,09/12/14,,
4,RANGER,,NATICK,09/12/14,09/12/14,,
10,LAKE,,NATICK,09/27/14,09/27/14,1,
8,MERCER,,NATICK,06/28/14,09/30/14,2,
8,MERCER,,NATICK,09/30/14,09/30/14,1,
4,WARING,,NATICK,10/11/14,10/11/14,1,
13,SHERMAN,,NATICK,10/13/14,10/13/14,1,
19,FOREST,,NATICK,10/21/14,10/21/14,1,
6,VIRGINIA,,NATICK,10/27/14,10/27/14,2,
71,ELIOT,,NATICK,11/12/14,11/12/14,1,
,SURREY,,NATICK,11/23/14,11/23/14,2,
11,MICHIGAN,,NATICK,06/09/14,11/28/14,2,
10,DRURY,,NATICK,12/02/14,12/02/14,1,
14,FLORENCE,,NATICK,08/27/14,12/04/14,2,
18,VERMONT,,NATICK,09/22/14,12/04/14,2,
13,KEANE,,NATICK,10/15/14,12/04/14,2,
13,KEANE,,NATICK,11/26/14,12/04/14,2,
7,WHITTIER,,NATICK,06/06/14,12/08/14,2,
,WHITTIER,AT OXFORD ST,NATICK,06/09/14,12/08/14,2,
8,OVERBROOK,,NATICK,06/10/14,12/10/14,2,
17,WORCESTER,,NATICK,06/10/14,12/10/14,2,
,WESTERN,AT CONCORD ST,NATICK,07/03/14,12/10/14,2,
12,OVERBROOK,,NATICK,08/14/14,12/10/14,2,
1,FRANCES,,NATICK,06/02/14,12/11/14,2,
23,WELLESLEY,,NATICK,06/09/14,12/11/14,2,
215,ELIOT,,NATICK,12/04/14,12/13/14,2,
6,FIELDSTONE,,NATICK,12/13/14,12/13/14,1,
,GROVE,AT WINNEMAY ST,NATICK,12/14/14,12/14/14,1,
19,STRATFORD,,NATICK,03/20/14,12/16/14,2,
140,SOUTH MAIN,,NATICK,12/16/14,12/17/14,1,
12,STONEBRIDGE,,NATICK,07/29/14,12/18/14,2,
29,JENNINGS POND,,NATICK,10/16/14,12/18/14,2,
16,VERNON,,NATICK,05/30/14,12/19/14,2,
31,HARWOOD,,NATICK,12/19/14,12/19/14,2,
31,HARWOOD,,NATICK,12/19/14,12/19/14,1,
13,MERCER,,NATICK,06/12/14,12/22/14,2,
6,STRATHMORE,,NATICK,06/12/14,12/22/14,2,
12,MERCER,,NATICK,11/24/14,12/22/14,2,
7,HOME,,NATICK,10/08/14,12/23/14,2,
7,CHESTER,,NATICK,08/28/14,12/26/14,2,
7,FERNDALE,,NATICK,06/06/14,12/27/14,2,
13,STRATFORD,,NATICK,07/23/14,12/27/14,2,
6,WALNUT PARK,,NATICK,08/12/14,12/27/14,2,
215,ELIOT,,NATICK,12/16/14,12/29/14,2,
,PLEASANT,,NATICK,02/09/13,12/30/14,2,
41,FISKE,,NATICK,12/04/14,12/30/14,2,
150,WALNUT,,NATICK,06/12/14,12/31/14,2,
254,NORTH MAIN,,NATICK,09/10/14,12/31/14,2,
123,OAK,,NATICK,09/24/14,12/31/14,2,
252,NORTH MAIN,,NATICK,12/24/14,12/31/14,2,
166,HUNNEWELL,,NEEDHAM,01/14/14,01/28/14,2,
122-126,COGSWELL,,NEEDHAM,01/27/14,01/28/14,1,
149,RICHARDSON,,NEEDHAM,02/12/14,02/14/14,2,
149,RICHARDSON,,NEEDHAM,02/22/14,02/24/14,2,
76,DAMON,,NEEDHAM,12/21/13,03/10/14,2,
140,WHITMAN,,NEEDHAM,03/17/14,03/18/14,2,
,GREAT-PLAIN,,NEEDHAM,03/18/14,03/25/14,2,
,WILSHIRE,AT HARRIS ST,NEEDHAM,04/02/14,04/14/14,2,
471,HUNNEWELL,,NEEDHAM,04/15/14,04/15/14,2,
25,ROSEMARY,,NEEDHAM,04/07/14,04/17/14,2,
171,RESERVOIR,,NEEDHAM,04/28/14,04/28/14,1,
1246-1250,GREAT-PLAIN,,NEEDHAM,05/21/14,05/21/14,2,
4,FAIR-OAKS,,NEEDHAM,05/27/14,05/28/14,1,
403,CHARLES-RIVER,,NEEDHAM,05/12/14,06/03/14,2,
403,CHARLES-RIVER,,NEEDHAM,06/04/14,06/04/14,2,
25,ROSEMARY,,NEEDHAM,06/10/14,06/10/14,2,
716,HIGHLAND,,NEEDHAM,04/21/14,06/11/14,2,
18,EDGEWOOD,,NEEDHAM,06/12/14,06/12/14,1,
,PARISH,,NEEDHAM,10/03/13,06/18/14,2,
,MANNING,AT LINDBERGH AVE,NEEDHAM,06/18/14,06/19/14,2,
20,OAKLAND,,NEEDHAM,06/23/14,06/23/14,1,
,MAY,AT WARREN ST,NEEDHAM,07/13/14,07/13/14,1,
,LINDBERGH,AT MANNING ST,NEEDHAM,06/18/14,07/29/14,2,
36,ROSEMARY,,NEEDHAM,08/04/14,08/04/14,1,
,MANNING,AT JAMES AVE,NEEDHAM,07/31/14,07/31/14,1,
28-30,OAK,,NEEDHAM,04/30/14,08/05/14,2,
313,BROOKLINE,,NEEDHAM,09/04/14,09/04/14,2,
313,BROOKLINE,,NEEDHAM,07/31/14,09/09/14,,
,BROOKLINE,AT MANNING ST,NEEDHAM,09/09/14,09/09/14,,
169,LAUREL,,NEEDHAM,07/25/14,09/15/14,,
1708-1711,CENTRAL,,NEEDHAM,09/25/14,09/29/14,2,
,WEBSTER,,NEEDHAM,10/02/14,10/03/14,2,
179,MANNING,,NEEDHAM,10/10/14,10/15/14,2,
179,MANNING,,NEEDHAM,10/14/14,10/15/14,2,
32,CHESTNUT,,NEEDHAM,10/21/14,10/21/14,2,
15,PLEASANT,,NEEDHAM,10/17/14,10/24/14,2,
634,WEBSTER,,NEEDHAM,12/12/13,10/27/14,2,
,BROOKLINE,,NEEDHAM,10/30/14,10/30/14,2,
160,COUNTRY,,NEEDHAM,12/04/13,12/01/14,3,
160,DAWSON,,NEEDHAM,12/02/14,12/03/14,2,
161,WINDING RIVER,,NEEDHAM,12/05/14,12/05/14,2,
38,RIDGEWAY,,NEEDHAM,12/02/14,12/08/14,2,
71,WASHINGTON,,NEEDHAM,12/09/14,12/11/14,2,
287,HIGH ROCK,,NEEDHAM,12/09/13,12/17/14,3,
531,SOUTH,,NEEDHAM,12/15/14,12/19/14,2,
83,WEBSTER,,NEEDHAM,12/17/14,12/26/14,2,
,KENDRICK,AT HUNTING RD,NEEDHAM,05/21/14,12/27/14,2,
389,MANNING,,NEEDHAM,12/30/14,12/31/14,2,
127,MT-PLEASANT,,NEW BEDFORD,01/05/14,01/07/14,2,
349-351,W-CLINTON,,NEW BEDFORD,01/04/14,01/08/14,2,
70,TRINITY,,NEW BEDFORD,01/08/14,01/09/14,2,
70,LINDEN,,NEW BEDFORD,01/03/14,01/09/14,2,
237,BATES,,NEW BEDFORD,01/09/14,01/09/14,2,
73,LINDEN,,NEW BEDFORD,01/09/14,01/09/14,2,
70,TRINITY,,NEW BEDFORD,01/09/14,01/09/14,2,
43,JOUVETTE,,NEW BEDFORD,01/13/14,01/13/14,2,
84,JOUVETTE,,NEW BEDFORD,01/14/14,01/14/14,1,
915,HATHAWAY,,NEW BEDFORD,01/09/14,01/15/14,2,
34,BULLARD,,NEW BEDFORD,01/17/14,01/17/14,2,
1060,PLEASANT,,NEW BEDFORD,01/17/14,01/17/14,2,
39-41,RYAN,,NEW BEDFORD,01/17/14,01/17/14,2,
321,BELLEVILLE,,NEW BEDFORD,03/16/06,01/20/14,3,
25,BLUEBERRY,,NEW BEDFORD,01/07/14,01/20/14,2,
233,HARWICH,,NEW BEDFORD,01/21/14,01/21/14,1,
367,STATE,,NEW BEDFORD,01/23/14,01/23/14,2,
234,DAVIS,,NEW BEDFORD,01/25/14,01/27/14,2,
570,S-SECOND,,NEW BEDFORD,01/27/14,01/27/14,1,
63,CLIFFORD,,NEW BEDFORD,01/28/14,01/28/14,2,
29-33,ARCH,,NEW BEDFORD,01/28/14,01/28/14,1,
79,KATHERINE,,NEW BEDFORD,01/29/14,01/29/14,1,
499,NASH,,NEW BEDFORD,01/29/14,01/29/14,1,
39,ASHLEY,,NEW BEDFORD,01/30/14,01/30/14,1,
80,KATHERINE,,NEW BEDFORD,01/31/14,01/31/14,1,
109,ASHLEY,,NEW BEDFORD,01/31/14,01/31/14,2,
200,WELD,,NEW BEDFORD,01/31/14,01/31/14,2,
5,BULLARD,,NEW BEDFORD,02/02/14,02/02/14,1,
5,BULLARD,,NEW BEDFORD,02/03/14,02/03/14,1,
11,DAVIS,,NEW BEDFORD,02/03/14,02/03/14,1,
220-222,BATES,,NEW BEDFORD,02/06/14,02/06/14,1,
251-253,CENTRAL,,NEW BEDFORD,02/06/14,02/06/14,1,
3,BULLARD,,NEW BEDFORD,02/06/14,02/06/14,2,
3,BULLARD,,NEW BEDFORD,02/06/14,02/06/14,2,
186,CHESTNUT,,NEW BEDFORD,02/07/14,02/07/14,1,
49-51,MILFORD,,NEW BEDFORD,02/07/14,02/07/14,2,
49-51,MILFORD,,NEW BEDFORD,02/07/14,02/07/14,2,
506,ASHLEY,,NEW BEDFORD,02/07/14,02/08/14,1,
106,LUKE,,NEW BEDFORD,02/09/14,02/09/14,1,
685,SUMMER,,NEW BEDFORD,02/12/14,02/12/14,2,
31,BABBITT,,NEW BEDFORD,02/14/14,02/14/14,2,
52,NORMAN,,NEW BEDFORD,02/17/14,02/17/14,1,
506,ASHLEY,,NEW BEDFORD,02/07/14,02/20/14,2,
12,BIRCHWOOD,,NEW BEDFORD,02/15/14,02/20/14,2,
,COUNTY,AT WING ST,NEW BEDFORD,02/21/14,02/21/14,1,
301,BELLEVILLE,,NEW BEDFORD,02/21/14,02/21/14,1,
955,HILLCREST,,NEW BEDFORD,02/21/14,02/21/14,2,
90,MORTON,,NEW BEDFORD,02/18/14,02/22/14,2,
46,WING,,NEW BEDFORD,02/24/14,02/24/14,1,
366,UNION,,NEW BEDFORD,02/24/14,02/24/14,1,
84,NORMAN,,NEW BEDFORD,02/24/14,02/24/14,1,
969,HILLCREST,,NEW BEDFORD,02/24/14,02/24/14,2,
84,NORMAN,,NEW BEDFORD,02/24/14,02/24/14,2,
159-161,BUTLER,,NEW BEDFORD,02/15/14,02/20/14,2,
,BULLOCK,AT DURFEE,NEW BEDFORD,02/20/14,02/20/14,1,
329,BROOK,,NEW BEDFORD,02/11/14,02/24/14,2,
195,WHITMAN,,NEW BEDFORD,02/24/14,02/24/14,1,
1085,JOYCE,,NEW BEDFORD,02/01/14,03/07/14,2,
166,SOMERSET,,NEW BEDFORD,03/07/14,03/07/14,2,
,MACARTHUR,AT STATE PIER,NEW BEDFORD,03/08/14,03/08/14,1,
103,CLIFFORD,,NEW BEDFORD,03/10/14,03/10/14,1,
143,HAWTHORN,,NEW BEDFORD,03/11/14,03/11/14,1,
135,TALLMAN,,NEW BEDFORD,03/11/14,03/11/14,1,
135,TALLMAN,,NEW BEDFORD,03/11/14,03/11/14,2,
,ROCKDALE,AT COVE,NEW BEDFORD,03/08/14,03/12/14,2,
90,MOSS,,NEW BEDFORD,03/02/14,03/14/14,2,
85,BEDFORD,,NEW BEDFORD,03/15/14,03/15/14,1,
23,PINERIDGE,,NEW BEDFORD,03/19/14,03/19/14,1,
29,WALDO,,NEW BEDFORD,03/20/14,03/20/14,2,
115,CHARLES,,NEW BEDFORD,03/19/14,03/21/14,2,
5,HARMONY,,NEW BEDFORD,03/21/14,03/21/14,2,
130,MOTT,,NEW BEDFORD,03/24/14,03/24/14,2,
853,PINE-HILL,,NEW BEDFORD,01/30/14,03/25/14,2,
227,IRVINGTON,,NEW BEDFORD,01/17/14,03/27/14,2,
319,DARTMOUTH,,NEW BEDFORD,03/28/14,03/28/14,1,
110,TINKHAM,,NEW BEDFORD,03/28/14,03/28/14,2,
1028,KEMPTON,,NEW BEDFORD,01/19/14,04/01/14,2,
444,PRESCOTT,,NEW BEDFORD,02/02/14,04/01/14,2,
925,BROCK,,NEW BEDFORD,03/12/14,04/01/14,2,
404,BEDFORD,,NEW BEDFORD,04/04/14,04/04/14,1,
193,ASH,,NEW BEDFORD,04/07/14,04/07/14,2,
243,SAWYER,,NEW BEDFORD,04/07/14,04/07/14,1,
2299,ACUSHNET,,NEW BEDFORD,04/08/14,04/08/14,1,
89,MOSHER,,NEW BEDFORD,04/09/14,04/09/14,1,
,WHITMAN,AT ACUSHNET AVE,NEW BEDFORD,04/09/14,04/09/14,1,
,TINKHAM,,NEW BEDFORD,04/10/14,04/10/14,1,
,HATHAWAY,AT TRADEWIND ST,NEW BEDFORD,01/25/14,04/11/14,2,
,CARROLL,AT ROCKDALE AVE,NEW BEDFORD,03/08/14,04/11/14,2,
209-211,EUGENIA,,NEW BEDFORD,04/11/14,04/11/14,2,
99,BROCK,,NEW BEDFORD,03/07/14,04/14/14,2,
322,NASH,,NEW BEDFORD,04/14/14,04/14/14,2,
169,PLYMOUTH,,NEW BEDFORD,02/03/14,04/17/14,2,
442,BROCK,,NEW BEDFORD,04/18/14,04/18/14,2,
8,BRIGHAM,,NEW BEDFORD,03/12/14,04/19/14,2,
141,CHARLES,,NEW BEDFORD,03/25/14,04/19/14,3,
77,FRUIT,,NEW BEDFORD,04/19/14,04/19/14,1,
77,FRUIT,,NEW BEDFORD,04/22/14,04/22/14,2,
963,HOMESTEAD,,NEW BEDFORD,02/01/14,04/24/14,2,
,TARKILN-HILL,AT BELLEVILLE AVE,NEW BEDFORD,03/11/14,04/24/14,2,
102,STATE,,NEW BEDFORD,04/28/14,04/28/14,1,
1027,CHAFFEE,,NEW BEDFORD,04/26/14,04/29/14,2,
4499,ACUSHNET,,NEW BEDFORD,05/05/14,05/05/14,1,
968-970,KEMPTON,,NEW BEDFORD,04/07/14,05/09/14,3,
47,SYCAMORE,,NEW BEDFORD,05/14/14,05/14/14,1,
1073,MT-PLEASANT,,NEW BEDFORD,05/16/14,05/16/14,1,
248,HAWTHORN,,NEW BEDFORD,05/16/14,05/16/14,2,
838,PURCHASE,,NEW BEDFORD,05/21/14,05/21/14,1,
473,COTTAGE,,NEW BEDFORD,05/22/14,05/22/14,1,
56,MAITLAND,,NEW BEDFORD,05/22/14,05/22/14,1,
64-66,OAKLAWN,,NEW BEDFORD,05/22/14,05/22/14,1,
108,SOUTH,,NEW BEDFORD,05/27/14,05/27/14,2,
16,LANDRY,,NEW BEDFORD,05/27/14,05/27/14,1,
442,BROCK,,NEW BEDFORD,05/29/14,05/29/14,2,
,ASHLEY,,NEW BEDFORD,05/29/14,05/29/14,1,
1421,COVE,,NEW BEDFORD,06/02/14,06/02/14,1,
23,EDNA,,NEW BEDFORD,06/03/14,06/03/14,1,
881,TERRY,,NEW BEDFORD,05/14/14,06/04/14,2,
74,HOPE,,NEW BEDFORD,06/04/14,06/04/14,2,
,TARKILN-HILL,AT ACUSHNET AVE,NEW BEDFORD,06/05/14,06/05/14,1,
30-32,EMERY,,NEW BEDFORD,06/06/14,06/06/14,1,
239,ASHLEY,,NEW BEDFORD,06/02/14,06/09/14,2,
74,HEMLOCK,,NEW BEDFORD,06/09/14,06/09/14,1,
40,LINDEN,,NEW BEDFORD,06/09/14,06/09/14,1,
45,TIMBERLANE,,NEW BEDFORD,06/09/14,06/09/14,1,
,DURFEE,AT HIGHLAND ST,NEW BEDFORD,05/28/14,06/10/14,2,
301,BELLEVILLE,,NEW BEDFORD,06/10/14,06/10/14,2,
64,OAKLAWN,,NEW BEDFORD,06/10/14,06/10/14,2,
1751-1759,ACUSHNET,,NEW BEDFORD,06/11/14,06/11/14,2,
227,DAWSON,,NEW BEDFORD,06/12/14,06/12/14,2,
,STUDLEY,,NEW BEDFORD,06/12/14,06/12/14,1,
58,IVY,,NEW BEDFORD,06/16/14,06/16/14,1,
311,COFFIN,,NEW BEDFORD,06/02/14,06/17/14,2,
,ASHLEY,AT COFFIN AVE,NEW BEDFORD,06/10/14,06/17/14,2,
52,FERN,,NEW BEDFORD,06/17/14,06/17/14,2,
235-237,SHAW,,NEW BEDFORD,06/17/14,06/17/14,1,
54,OCEAN,,NEW BEDFORD,06/20/14,06/20/14,2,
53,OCEAN,,NEW BEDFORD,06/20/14,06/20/14,1,
245,SHAW,,NEW BEDFORD,06/20/14,06/20/14,1,
32,ROCKLAND,,NEW BEDFORD,06/23/14,06/23/14,2,
145,ROCKLAND,,NEW BEDFORD,06/24/14,06/24/14,2,
293,COFFIN,,NEW BEDFORD,06/24/14,06/24/14,1,
135,CHESTNUT,,NEW BEDFORD,06/25/14,06/25/14,2,
52,THOMPSON,,NEW BEDFORD,06/25/14,06/25/14,2,
52,THOMPSON,,NEW BEDFORD,06/25/14,06/25/14,1,
35,MYRTLE,,NEW BEDFORD,06/26/14,06/26/14,2,
333-335,PLEASANT,,NEW BEDFORD,06/26/14,06/26/14,2,
237,WELD,,NEW BEDFORD,06/26/14,06/26/14,1,
812,BELLEVILLE,,NEW BEDFORD,05/21/14,06/30/14,2,
824,BELLEVILLE,,NEW BEDFORD,05/21/14,06/30/14,2,
65,LARCH,,NEW BEDFORD,06/30/14,06/30/14,2,
464,ROCKDALE,,NEW BEDFORD,07/01/14,07/01/14,1,
464,ROCKDALE,,NEW BEDFORD,07/01/14,07/02/14,2,
21,WILLOW,,NEW BEDFORD,07/02/14,07/02/14,1,
41,TARKILN-HILL,,NEW BEDFORD,05/21/14,07/03/14,2,
,RUTLAND,AT 349 CONDUIT ST,NEW BEDFORD,05/22/14,07/03/14,2,
30,ADAMS,,NEW BEDFORD,07/03/14,07/03/14,2,
120,HEMLOCK,,NEW BEDFORD,07/05/14,07/05/14,1,
498,CHURCH,,NEW BEDFORD,05/19/14,07/08/14,2,
192,CHURCH,,NEW BEDFORD,05/30/14,07/08/14,2,
1,HYACINTH,,NEW BEDFORD,07/08/14,07/09/14,1,
OPP 18,LINDEN,,NEW BEDFORD,05/27/14,07/11/14,2,
,PLEASANT,NORTH OF LINDEN ST.,NEW BEDFORD,05/27/14,07/11/14,2,
356,VALLEY,,NEW BEDFORD,07/12/14,07/12/14,1,
231,POPE,,NEW BEDFORD,07/14/14,07/14/14,2,
1743-1749,ACUSHNET,,NEW BEDFORD,05/19/14,07/15/14,2,
41,ADAMS,,NEW BEDFORD,06/03/14,07/21/14,2,
41,ADAMS,,NEW BEDFORD,06/03/14,07/21/14,2,
,CHURCH,AT BELLWVILLE RD,NEW BEDFORD,05/27/14,07/22/14,2,
43,CAPITOL,,NEW BEDFORD,07/22/14,07/22/14,1,
414-415,COTTAGE,,NEW BEDFORD,06/18/14,07/23/14,2,
63,E-CLINTON,,NEW BEDFORD,06/24/14,07/23/14,2,
790,ROCKDALE,,NEW BEDFORD,07/23/14,07/23/14,1,
65,SEYMOUR,,NEW BEDFORD,07/14/14,07/24/14,2,
49,SEYMOUR,,NEW BEDFORD,07/24/14,07/24/14,1,
65,SEYMOUR,,NEW BEDFORD,07/25/14,07/25/14,2,
49,SEYMOUR,,NEW BEDFORD,07/26/14,07/26/14,1,
,S-SIXTH,,NEW BEDFORD,06/25/14,08/01/14,2,
83,BEDFORD,,NEW BEDFORD,08/04/13,08/04/14,2,
443,MAXFIELD,,NEW BEDFORD,06/16/14,08/04/14,2,
,RUSSELL,,NEW BEDFORD,06/25/14,08/04/14,2,
28,VIALL,,NEW BEDFORD,08/04/14,08/04/14,2,
186,ROCKDALE,,NEW BEDFORD,07/07/14,08/05/14,2,
121-137,FILLMORE,,NEW BEDFORD,08/05/14,08/05/14,1,
14,EDWARD,,NEW BEDFORD,07/03/14,08/06/14,2,
170,DEANE,,NEW BEDFORD,08/06/14,08/06/14,1,
24,ALVA,,NEW BEDFORD,06/09/14,08/07/14,2,
,RICHMOND,AT AUSTIN ST,NEW BEDFORD,06/13/14,08/07/14,2,
,BROCK,,NEW BEDFORD,07/10/14,08/07/14,2,
21,AGNES,,NEW BEDFORD,05/13/14,08/08/14,2,
124,COUNTY,,NEW BEDFORD,07/31/14,07/31/14,1,
87,SUTTON,,NEW BEDFORD,05/30/14,08/04/14,2,
34,SWIFT,,NEW BEDFORD,07/24/14,08/04/14,2,
,POPE,,NEW BEDFORD,08/04/14,08/04/14,2,
42,STEPHEN,,NEW BEDFORD,08/06/14,08/07/14,2,
175,ELM,,NEW BEDFORD,11/05/13,08/08/14,2,
51,RUSSELL,,NEW BEDFORD,08/21/14,08/21/14,2,
255,CENTRAL,,NEW BEDFORD,08/25/14,08/25/14,1,
73,FRUIT,,NEW BEDFORD,08/27/14,08/27/14,2,
75,NORMAN,,NEW BEDFORD,08/26/14,08/27/14,1,
24,VALENTINE,,NEW BEDFORD,08/29/14,08/29/14,1,
24,VALENTINE,,NEW BEDFORD,09/04/14,09/04/14,,
,TRADEWIND,AT HATHAWAY ST,NEW BEDFORD,06/05/14,09/08/14,,
128,COTTAGE,,NEW BEDFORD,09/09/14,09/09/14,,
104,STATE,,NEW BEDFORD,09/12/14,09/12/14,,
20,LINDEN,,NEW BEDFORD,06/11/14,09/15/14,,
574,BROCK,,NEW BEDFORD,07/15/14,09/17/14,2,
478,BEDFORD,,NEW BEDFORD,07/28/14,09/17/14,2,
399,BELLEVILLE,,NEW BEDFORD,09/17/14,09/17/14,1,
42,HILL,,NEW BEDFORD,09/19/14,09/19/14,1,
,BELLEVILLE,AT COFFIN AVE,NEW BEDFORD,09/19/14,09/19/14,2,
251,PHILLIPS,,NEW BEDFORD,09/19/14,09/19/14,2,
95,BEETLE,,NEW BEDFORD,09/22/14,09/22/14,2,
57,E-CLINTON,,NEW BEDFORD,09/22/14,09/22/14,2,
95,BEETLE,,NEW BEDFORD,09/22/14,09/22/14,1,
15,SHERMAN,,NEW BEDFORD,09/22/14,09/22/14,1,
51,POPLAR,,NEW BEDFORD,05/07/14,09/24/14,2,
208-210,GRANDFIELD,,NEW BEDFORD,06/10/14,09/24/14,2,
877,HATHAWAY,,NEW BEDFORD,09/05/14,09/25/14,2,
807,KEMPTON,,NEW BEDFORD,09/26/14,09/26/14,1,
71,NASH,,NEW BEDFORD,09/29/14,09/29/14,1,
50-52,EMERY,,NEW BEDFORD,10/02/14,10/02/14,1,
667,COTTAGE,,NEW BEDFORD,10/03/14,10/03/14,2,
69,FOSTER,,NEW BEDFORD,10/06/14,10/06/14,2,
24,JONATHAN,,NEW BEDFORD,10/07/14,10/07/14,1,
15,ANTHONY,,NEW BEDFORD,10/08/14,10/08/14,1,
270,SHAW,,NEW BEDFORD,10/08/14,10/08/14,1,
242,RYAN,,NEW BEDFORD,09/22/14,10/10/14,2,
93,BEDFORD,,NEW BEDFORD,10/14/14,10/14/14,1,
56-58,LAFAYETTE,,NEW BEDFORD,10/17/14,10/17/14,2,
208,ASHLEY,,NEW BEDFORD,10/17/14,10/17/14,1,
13,EMERSON,,NEW BEDFORD,10/17/14,10/17/14,1,
,S-SECOND,,NEW BEDFORD,06/30/14,10/22/14,2,
314,HATHAWAY,,NEW BEDFORD,10/28/14,10/28/14,1,
528,ASHLEY,,NEW BEDFORD,10/29/14,10/29/14,2,
,WING,,NEW BEDFORD,10/29/14,10/30/14,2,
265,QUERY,,NEW BEDFORD,10/31/13,10/31/14,1,
27,CLARENDON,,NEW BEDFORD,10/14/14,10/31/14,2,
160,STATE,,NEW BEDFORD,11/03/14,11/03/14,2,
46-48,MORGAN,,NEW BEDFORD,11/03/14,11/03/14,1,
45,STATE,,NEW BEDFORD,11/05/14,11/05/14,2,
887-889,BROCK,,NEW BEDFORD,11/10/14,11/10/14,1,
,BROCK,,NEW BEDFORD,11/10/14,11/12/14,3,
373,BELLEVILLE,,NEW BEDFORD,09/18/14,11/18/14,2,
59,FRANCIS,,NEW BEDFORD,11/21/14,11/21/14,1,
197,WELD,,NEW BEDFORD,11/21/14,11/21/14,1,
41,BRIGGS,,NEW BEDFORD,11/25/14,11/25/14,2,
950,RODNEY FRENCH,,NEW BEDFORD,07/14/14,12/02/14,2,
1085,JOYCE,,NEW BEDFORD,11/12/14,12/02/14,2,
,BEDFORD,AT COTTAGE ST,NEW BEDFORD,10/17/14,12/03/14,2,
100,CHERRY TREE,,NEW BEDFORD,12/03/14,12/03/14,1,
384,ACUSHNET,,NEW BEDFORD,12/04/14,12/04/14,1,
13,SPRUCE,,NEW BEDFORD,12/04/14,12/04/14,1,
,ROCKDALE,,NEW BEDFORD,12/03/14,12/05/14,2,
80,DARTMOUTH,,NEW BEDFORD,12/08/14,12/08/14,2,
166-168,HADLEY,,NEW BEDFORD,12/09/14,12/09/14,1,
286,CEDAR,,NEW BEDFORD,12/09/14,12/09/14,1,
29,VALENTINE,,NEW BEDFORD,12/10/14,12/10/14,1,
,ASHLEY,,NEW BEDFORD,12/10/14,12/10/14,1,
354,PLEASANT,,NEW BEDFORD,12/10/14,12/10/14,1,
111,PLYMOUTH,,NEW BEDFORD,12/12/14,12/12/14,2,
45,DURFEE,,NEW BEDFORD,12/13/14,12/13/14,2,
244-246,DAVIS,,NEW BEDFORD,12/15/14,12/15/14,2,
70,HIGHLAND,,NEW BEDFORD,12/15/14,12/15/14,2,
76,MILL,,NEW BEDFORD,12/17/14,12/17/14,1,
77,MORGAN,,NEW BEDFORD,12/17/14,12/17/14,1,
1029,DEWEY,,NEW BEDFORD,12/21/14,12/21/14,1,
41,ADAMS,,NEW BEDFORD,12/27/14,12/27/14,2,
10,AUSTIN,,NEW BEDFORD,12/27/14,12/27/14,2,
307,COLLETTE,,NEW BEDFORD,12/27/14,12/27/14,2,
,TOBEY,AT TOBEY LN,NEW BEDFORD,12/28/14,12/28/14,1,
21,CASTLE,,NORTHBORO,01/13/14,01/13/14,2,
101,WHITNEY,,NORTHBORO,02/06/14,03/18/14,2,
25,DUNIA,,NORTHBORO,06/27/14,06/27/14,1,
306,SOUTHWEST,,NORTHBORO,09/04/14,09/04/14,,
124,HUDSON,,NORTHBORO,09/26/14,09/26/14,1,
106,JON,,NORTHBRIDGE,03/14/14,03/14/14,1,
2887,PROVIDENCE,,NORTHBRIDGE,04/25/14,04/25/14,1,
90,CHURCH-(ROC),,NORTHBRIDGE,07/11/14,07/11/14,2,
,PLUMMER,AT LAURA LN,NORTHBRIDGE,07/21/14,07/21/14,1,
14,JON,,NORTHBRIDGE,08/01/14,08/01/14,1,
,DOUGLAS,,NORTHBRIDGE,09/23/14,09/23/14,1,
22,JON,,NORTHBRIDGE,09/25/14,11/20/14,2,
22,JON,,NORTHBRIDGE,11/20/14,11/20/14,1,
16,NORTH MAIN,,NORTHBRIDGE,12/15/14,12/27/14,2,
245,SANDTRAP,,NORTHBRIDGE,12/21/14,12/27/14,2,
53,MANTERS,,PLYMOUTH,02/10/14,02/11/14,2,
268,COURT,,PLYMOUTH,02/11/14,02/12/14,1,
,MAIN,AT PURCHASE ST,PLYMOUTH,02/18/14,02/21/14,2,
5,BROOKSIDE,,PLYMOUTH,02/24/14,02/25/14,2,
19,GRANDVIEW,,PLYMOUTH,02/18/14,02/22/14,2,
170,WATER,,PLYMOUTH,04/18/14,04/18/14,1,
357,COURT,,PLYMOUTH,04/22/14,04/22/14,1,
170,WATER,,PLYMOUTH,04/24/14,04/24/14,1,
NEAR #45,SHETLAND,,PLYMOUTH,04/23/14,05/02/14,2,
,WHITING,AT 11 MT-PLEASANT ST,PLYMOUTH,05/02/14,05/02/14,1,
26 1/2,CASTLE,,PLYMOUTH,05/06/14,05/07/14,2,
265-267,STANDISH,,PLYMOUTH,05/07/14,05/08/14,2,
18,FOREST,,PLYMOUTH,05/09/14,05/09/14,1,
30,DAVIS,,PLYMOUTH,05/21/14,05/21/14,1,
222,S-MEADOW,,PLYMOUTH,06/21/14,06/21/14,1,
43,CLIFF,,PLYMOUTH,06/30/14,06/30/14,1,
506,LUNNS,,PLYMOUTH,07/05/14,07/05/14,1,
11,PORTICO,,PLYMOUTH,07/10/14,07/10/14,1,
13,WHITING,,PLYMOUTH,07/14/14,07/14/14,1,
152,SAMOSET,,PLYMOUTH,07/22/14,07/22/14,1,
11,CLIFF,,PLYMOUTH,08/06/14,08/06/14,1,
37,CONIFER,,PLYMOUTH,08/01/14,08/01/14,1,
13,WHITING,,PLYMOUTH,06/09/14,08/07/14,2,
,WHITING,,PLYMOUTH,06/13/14,08/07/14,2,
153,WESTERLY,,PLYMOUTH,08/06/14,08/07/14,2,
35,PLEASANT,,PLYMOUTH,09/05/14,09/09/14,,
37,PLEASANT,,PLYMOUTH,09/05/14,09/09/14,,
27,PLEASANT,,PLYMOUTH,09/05/14,09/10/14,,
17,MT-PLEASANT,,PLYMOUTH,09/16/14,09/16/14,2,
7,WEST,,PLYMOUTH,10/07/14,10/08/14,2,
38,GRANDVIEW,,PLYMOUTH,10/14/14,10/14/14,1,
115,WESTERLY,,PLYMOUTH,10/14/14,10/14/14,1,
,MAGONI,,PLYMOUTH,10/21/14,10/21/14,,
12,ALDEN,,PLYMOUTH,10/30/14,10/30/14,1,
3,WHITING,,PLYMOUTH,10/09/14,11/04/14,2,
19,CASTLE,,PLYMOUTH,10/20/14,11/05/14,2,
10-12,CASTLE,,PLYMOUTH,10/20/14,11/07/14,2,
17,MOUNT PLEASANT,,PLYMOUTH,09/18/14,11/13/14,2,
33,FILMORE,,PLYMOUTH,11/14/14,11/14/14,1,
16,GABLE,,PLYMOUTH,11/18/14,11/18/14,1,
305,SANDWICH,,PLYMOUTH,12/29/14,12/29/14,1,
4,KENDALL,,SHERBORN,07/11/14,07/11/14,2,
18,COURSE BROOK,,SHERBORN,10/01/14,12/30/14,2,
8,COLONIAL,,SHREWSBURY,01/15/14,01/16/14,2,
9,COLONIAL,,SHREWSBURY,01/16/14,01/16/14,2,
43,HUNTING,,SHREWSBURY,01/16/14,01/16/14,2,
15,BRIDAL-PATH,,SHREWSBURY,01/18/14,01/18/14,1,
,GENERAL,,SHREWSBURY,01/19/14,01/27/14,3,
,ARTEMAS,AT GENERAL ACE,SHREWSBURY,01/27/14,01/27/14,2,
29-33,MAIN,,SHREWSBURY,01/16/14,01/28/14,2,
757,MAIN,,SHREWSBURY,01/28/14,01/28/14,1,
2,FIFTH,,SHREWSBURY,02/05/14,02/05/14,1,
31,SIAS,,SHREWSBURY,02/21/14,02/24/14,2,
50,KINGLET,,SHREWSBURY,02/21/14,02/21/14,2,
,MAIN,AT I-290 EAST RAMP,SHREWSBURY,03/12/14,03/12/14,1,
74,SAJDA,,SHREWSBURY,04/21/14,04/21/14,2,
1000,BOSTON-TURNPIKE,,SHREWSBURY,05/01/14,05/01/14,2,
7,SUMMER,,SHREWSBURY,05/22/14,05/23/14,2,
7,SUMMER,,SHREWSBURY,05/23/14,05/23/14,1,
51,MAIN,,SHREWSBURY,05/27/14,05/27/14,1,
51,MAIN,,SHREWSBURY,05/27/14,05/27/14,1,
41,MAURY,,SHREWSBURY,06/28/14,06/28/14,1,
357,LAKE,,SHREWSBURY,06/27/14,07/01/14,2,
,LAKE,AT HOWE ST,SHREWSBURY,07/01/14,07/01/14,2,
361,SPRING,,SHREWSBURY,07/20/14,07/22/14,2,
361,SPRING,,SHREWSBURY,07/21/14,07/22/14,2,
39,SOUTH,,SHREWSBURY,08/04/13,08/04/14,2,
92,STONEY-HILL,,SHREWSBURY,07/21/14,08/07/14,2,
23,WESLEYAN,,SHREWSBURY,09/15/14,09/15/14,1,
48,WOODLAND,,SHREWSBURY,09/09/14,09/24/14,1,
648,LAKE,,SHREWSBURY,09/30/14,09/30/14,1,
15,ELMA,,SHREWSBURY,10/09/14,10/09/14,1,
151,OLD MILL,,SHREWSBURY,10/10/14,10/10/14,1,
14,RIDGELAND,,SHREWSBURY,10/10/14,10/10/14,1,
129,FLORAL,,SHREWSBURY,11/20/14,11/20/14,1,
38,BLOSSOM TREE,,SHREWSBURY,11/21/14,11/21/14,1,
9,TURTLECREEK,,SHREWSBURY,11/25/14,11/25/14,1,
87,MAIN,,SHREWSBURY,12/02/14,12/02/14,2,
5,JORDAN,,SHREWSBURY,12/02/14,12/02/14,1,
9,TAFT,,SHREWSBURY,12/03/14,12/03/14,1,
7,STONE,,SHREWSBURY,12/04/14,12/04/14,1,
738,MAIN,,SHREWSBURY,07/25/14,12/13/14,2,
23,WESLEYAN,,SHREWSBURY,12/10/14,12/17/14,2,
738,MAIN,,SHREWSBURY,12/19/14,12/19/14,1,
535,HARTFORD,,SHREWSBURY,09/29/14,12/27/14,2,
,HARTFORD,,SHREWSBURY,11/18/14,12/27/14,2,
14,CEDAR,,SOMERVILLE,01/10/14,01/10/14,1,
22,SYCAMORE,,SOMERVILLE,10/09/13,01/15/14,2,
58,PRESTON,,SOMERVILLE,01/15/14,01/15/14,1,
42-44,DANE,,SOMERVILLE,10/02/13,01/16/14,2,
,PITMAN,AT BEECH ST,SOMERVILLE,10/11/13,01/17/14,2,
26,CALVIN,,SOMERVILLE,09/30/13,01/20/14,2,
26,SYCAMORE,,SOMERVILLE,01/22/14,01/24/14,2,
5,KENWOOD,,SOMERVILLE,01/30/14,01/30/14,1,
711-723,SOMERVILLE,,SOMERVILLE,01/29/14,01/31/14,2,
12,PUTNAM,,SOMERVILLE,01/31/14,01/31/14,1,
78,MORRISON,,SOMERVILLE,02/08/14,02/08/14,1,
78,MORRISON,,SOMERVILLE,02/09/14,02/09/14,1,
29,PRESCOTT,,SOMERVILLE,02/14/14,02/14/14,1,
63-65,CAMERON,,SOMERVILLE,01/30/14,02/21/14,2,
21,PERRY,,SOMERVILLE,02/18/14,02/18/14,1,
7,LINDEN,,SOMERVILLE,02/20/14,02/20/14,1,
6,CHERRY,,SOMERVILLE,02/20/14,02/20/14,1,
40,HANCOCK,,SOMERVILLE,02/24/14,02/25/14,2,
208-210,WASHINGTON,,SOMERVILLE,03/07/14,03/07/14,1,
45,CAMERON,,SOMERVILLE,10/01/13,03/11/14,2,
257-259,BEACON,,SOMERVILLE,12/26/13,03/27/14,2,
14,BILLINGHAM,,SOMERVILLE,02/11/14,03/28/14,2,
12,BILLINGHAM,,SOMERVILLE,03/29/14,04/07/14,2,
230,SOMERVILLE,,SOMERVILLE,04/14/14,04/14/14,1,
,DOVER,AT 51 DAVIS SQ,SOMERVILLE,04/11/14,04/15/14,2,
,GORHAM,AT TANNERY BROOK WAY,SOMERVILLE,03/19/14,04/16/14,2,
406,HIGHLAND,,SOMERVILLE,04/25/14,04/25/14,1,
16,CALVIN,,SOMERVILLE,04/28/14,04/28/14,1,
61,LINDEN,,SOMERVILLE,05/08/14,05/08/14,1,
353,BEACON,,SOMERVILLE,05/14/14,05/14/14,1,
357,BEACON,,SOMERVILLE,05/14/14,05/14/14,1,
37,COLUMBUS,,SOMERVILLE,05/30/14,05/30/14,1,
287,BEACON,,SOMERVILLE,06/03/14,06/03/14,1,
318,SUMMER,,SOMERVILLE,01/27/14,06/08/14,2,
88,MUNROE,,SOMERVILLE,05/16/14,06/27/14,2,
14,CHERRY,,SOMERVILLE,06/16/14,07/07/14,2,
,PITMAN,AT SPRING ST,SOMERVILLE,07/08/14,07/08/14,2,
363,BEACON,,SOMERVILLE,07/23/14,07/23/14,1,
230,ELM,,SOMERVILLE,11/21/13,08/04/14,2,
47,CAMERON,,SOMERVILLE,11/05/13,08/08/14,2,
361,BEACON,,SOMERVILLE,08/21/14,08/21/14,1,
,RUSSELL,,SOMERVILLE,09/22/14,09/22/14,1,
97,PEARSON,,SOMERVILLE,06/11/14,09/25/14,2,
5-7,PARKDALE,,SOMERVILLE,05/15/14,09/29/14,2,
9-11,PARKDALE,,SOMERVILLE,10/02/13,10/03/14,2,
40,HANCOCK,,SOMERVILLE,03/07/14,10/20/14,2,
268,POWDER HOUSE,,SOMERVILLE,10/21/14,10/21/14,1,
336,SUMMER,,SOMERVILLE,06/03/14,10/31/14,2,
60,PUTNAM,,SOMERVILLE,10/08/13,11/05/14,2,
22,ASHLAND,,SOMERVILLE,11/06/14,11/06/14,1,
,SPRING,AT SOMERVILLE AVE,SOMERVILLE,11/12/14,11/12/14,1,
68,DIMICK,,SOMERVILLE,05/31/14,11/13/14,2,
26-28,MILTON,,SOMERVILLE,11/13/14,11/13/14,1,
46,WHITE,,SOMERVILLE,11/06/14,11/18/14,2,
,WEBSTER,,SOMERVILLE,09/30/13,11/19/14,2,
768,BROADWAY,,SOMERVILLE,10/03/13,11/19/14,2,
46-48,PUTNAM,,SOMERVILLE,10/08/13,11/24/14,2,
,BROADWAY,,SOMERVILLE,09/16/13,11/25/14,2,
2-12,HOWARD,,SOMERVILLE,11/29/14,11/29/14,1,
255,POWDER HOUSE,,SOMERVILLE,12/01/14,12/01/14,1,
86,ELM,,SOMERVILLE,10/28/14,12/10/14,2,
787,BROADWAY,,SOMERVILLE,12/12/14,12/30/14,2,
POLE 25,NEWTON,,SOUTHBORO,02/18/14,02/19/14,2,
43,NEWTON,,SOUTHBORO,02/22/14,02/23/14,1,
269,CORDAVILLE,,SOUTHBORO,09/15/14,09/19/14,2,
,MADISON,,SOUTHBORO,11/25/14,11/25/14,2,
320,GREAT,,STOW,10/17/13,02/10/14,2,
,KIRKLAND,,STOW,07/08/14,09/16/14,2,
4,KIRKLAND,,STOW,07/29/14,09/16/14,2,
5,WILLIAM,,UPTON,04/21/14,04/28/14,2,
5,WILLIAMS,,UPTON,07/11/14,12/20/14,2,
71,N-MAIN,,UXBRIDGE,04/04/14,04/04/14,1,
760,PROVIDENCE,,UXBRIDGE,01/17/14,04/29/14,2,
151,N-MAIN,,UXBRIDGE,05/01/14,05/01/14,1,
10,MOODY,,UXBRIDGE,11/05/14,11/05/14,1,
117-119,HECLA,,UXBRIDGE,12/11/14,12/11/14,1,
17,WEST HARTFORD,,UXBRIDGE,12/15/14,12/30/14,2,
,SHRINE,AT CAROL,WEST BOYLSTON,02/21/14,02/21/14,1,
501,PROSPECT,,WEST BOYLSTON,02/12/14,02/25/14,2,
435,LANCASTER,,WEST BOYLSTON,03/19/14,03/20/14,2,
330,LANCASTER,,WEST BOYLSTON,05/12/14,05/12/14,1,
330,LANCASTER,,WEST BOYLSTON,05/14/14,05/14/14,1,
70,CRESCENT,,WEST BOYLSTON,05/28/14,08/08/14,2,
11R,SUMMER,,WESTBOROUGH,01/07/14,01/07/14,1,
9-12,TREETOP,,WESTBOROUGH,03/08/14,03/09/14,2,
14,MAYNARD,,WESTBOROUGH,03/17/14,03/17/14,1,
8002,AMBASSADOR,,WESTBOROUGH,04/03/14,04/03/14,1,
160,MILK,,WESTBOROUGH,04/11/14,04/29/14,2,
95,W-MAIN,,WESTBOROUGH,05/20/14,05/20/14,1,
165,FLANDERS,,WESTBOROUGH,06/11/14,06/11/14,1,
,STATE,AT HOLMES ST,WESTBOROUGH,07/24/14,08/04/14,2,
2,PROSPECT,,WESTBOROUGH,07/30/14,08/04/14,2,
22,TREETOP,,WESTBOROUGH,07/30/14,08/04/14,2,
2,PROSPECT,,WESTBOROUGH,08/16/14,09/08/14,,
165,FLANDERS,,WESTBOROUGH,11/24/14,11/24/14,1,
70,EAST MAIN,,WESTBOROUGH,11/25/14,11/25/14,1,
,STATE,,WESTBOROUGH,09/11/14,12/22/14,2,
1901,WINDSOR RIDGE,,WESTBOROUGH,12/22/14,12/22/14,1,
212,WEST MAIN,,WESTBOROUGH,07/15/14,12/23/14,2,
1901,WINDSOR RIDGE,,WESTBOROUGH,12/29/14,12/29/14,1,
19,PEARTREE,,WESTWOOD,01/15/14,01/21/14,2,
15,RIDGEWOOD,,WESTWOOD,01/20/14,02/04/14,2,
,POND,AT OAK ST,WESTWOOD,02/07/14,02/10/14,2,
298,PROVIDENCE,,WESTWOOD,02/16/14,02/16/14,1,
46,PERRY,,WESTWOOD,02/24/14,02/24/14,1,
75,CUSHING,,WESTWOOD,03/11/14,03/21/14,2,
94,GAY,,WESTWOOD,03/28/14,03/28/14,1,
44,LORING,,WESTWOOD,05/30/14,06/03/14,2,
57,STRAFFORD,,WESTWOOD,11/25/13,07/01/14,2,
57,STRAFFORD,,WESTWOOD,08/06/14,08/06/14,1,
41,BOOTH,,WESTWOOD,09/11/14,09/17/14,2,
91,HEMLOCK,,WESTWOOD,10/21/14,10/27/14,2,
272,HIGH,,WESTWOOD,12/04/14,12/04/14,1,
17,FORD,,WESTWOOD,11/28/14,12/05/14,2,
,SAINT DENIS,AT WILLRD ST,WESTWOOD,03/21/14,12/15/14,2,
,DEAN,AT WEBSTER ST,WESTWOOD,06/27/14,12/17/14,2,
91,STRASSER,,WESTWOOD,12/18/14,12/22/14,2,
378-384,UNIVERSITY,,WESTWOOD,12/31/14,12/31/14,2,
,GROVE,,WORCESTER,01/01/14,01/02/14,1,
270,SHREWSBURY,,WORCESTER,01/03/14,01/03/14,1,
51,HILTON,,WORCESTER,01/05/14,01/06/14,1,
34,HOPE,,WORCESTER,01/06/14,01/07/14,1,
140,GRAND,,WORCESTER,01/07/14,01/08/14,1,
,ELM,AT WEST ST,WORCESTER,01/08/14,01/08/14,1,
32,PROVIDENCE,,WORCESTER,01/08/14,01/09/14,1,
,ELM,AT WEST ST,WORCESTER,01/09/14,01/09/14,1,
,MAPLEWOOD,AT CHAMBERLAIN PKY,WORCESTER,01/09/14,01/09/14,1,
,PINE-TREE,AT SUNVALLEY DR,WORCESTER,01/11/14,01/11/14,1,
130,PLANTATION,,WORCESTER,01/12/14,01/12/14,1,
59-75,WEBSTER,,WORCESTER,01/12/14,01/13/14,1,
69,DUSTIN,,WORCESTER,01/06/14,01/13/14,2,
335,PARK,,WORCESTER,01/13/14,01/13/14,1,
,GROVE,AT SAGAMORE RD,WORCESTER,01/14/14,01/14/14,1,
,BENEFIT,AT GLENWOOD ST,WORCESTER,01/15/14,01/15/14,1,
1027,MAIN,,WORCESTER,01/15/14,01/15/14,1,
287,GROVE,,WORCESTER,01/11/14,01/16/14,2,
359,SHREWSBURY,,WORCESTER,01/13/14,01/16/14,2,
74,GREEN,,WORCESTER,01/15/14,01/16/14,1,
,SEVER,AT CEDAR ST,WORCESTER,01/09/14,01/17/14,2,
24,CREST,,WORCESTER,01/17/14,01/18/14,1,
,GROVE,AT SAGAMORE RD,WORCESTER,01/18/14,01/18/14,1,
,MAIN,,WORCESTER,11/08/13,01/20/14,2,
53,WILSON,,WORCESTER,01/20/14,01/20/14,1,
,SARGENT,AT LAMARTINE ST,WORCESTER,01/17/14,01/21/14,2,
,DAVIS,,WORCESTER,01/25/14,01/25/14,1,
14,PRESTON,,WORCESTER,01/27/14,01/27/14,1,
41,HILLCROFT,,WORCESTER,01/09/14,01/30/14,2,
356,SHREWSBURY,,WORCESTER,01/13/14,01/30/14,2,
,KING-PHILLIP,AT HILLCROFT AVE,WORCESTER,01/28/14,01/30/14,2,
130,MASSASOIT,,WORCESTER,01/30/14,01/31/14,2,
,HARLEM,AT S-WARD ST,WORCESTER,01/31/14,01/31/14,1,
500,W-BOYLSTON,,WORCESTER,01/31/14,01/31/14,1,
50,HAMILTON,,WORCESTER,01/23/14,02/02/14,2,
,ELM,AT PARK AVE,WORCESTER,02/02/14,02/02/14,1,
,SEVER,AT CEDAR ST,WORCESTER,02/02/14,02/02/14,1,
119,MASSASOIT,,WORCESTER,01/18/14,02/03/14,2,
3,COHASSET,,WORCESTER,02/04/14,02/04/14,1,
14,LANGDON,,WORCESTER,02/04/14,02/04/14,1,
172,GRAFTON,,WORCESTER,02/05/14,02/05/14,1,
179-181,GRAFTON,,WORCESTER,02/05/14,02/05/14,1,
80,STANTON,,WORCESTER,02/05/14,02/05/14,1,
60,PLANTATION,,WORCESTER,02/05/14,02/05/14,1,
7,WESCOTT,,WORCESTER,01/21/14,02/07/14,2,
,ELM,AT WEST ST,WORCESTER,01/28/14,02/07/14,2,
5,LUND,,WORCESTER,02/07/14,02/07/14,2,
1013,MAIN,,WORCESTER,02/08/14,02/08/14,1,
314,PLANTATION,,WORCESTER,01/29/14,02/10/14,2,
18,WILLARD,,WORCESTER,02/06/14,02/10/14,2,
236,LINCOLN,,WORCESTER,01/15/14,02/11/14,2,
66,PLANTATION,,WORCESTER,01/27/14,02/12/14,2,
105,WATER,,WORCESTER,02/12/14,02/12/14,1,
11,N-WORCESTER,,WORCESTER,02/13/14,02/13/14,1,
10,VARNEY,,WORCESTER,02/13/14,02/13/14,1,
9,MILL,,WORCESTER,02/17/14,02/17/14,1,
,CLARK,AT PURCHASE ST,WORCESTER,02/19/14,02/19/14,1,
53,HERMON,,WORCESTER,02/19/14,02/19/14,1,
,HILLCREST,AT 7 BLAIR ST,WORCESTER,02/12/14,02/20/14,2,
,MAY,,WORCESTER,02/20/14,02/20/14,1,
27,JAQUES,,WORCESTER,02/20/14,02/20/14,1,
320,PLANTATION,,WORCESTER,02/11/14,02/24/14,2,
,CASCADE,AT MONICA,WORCESTER,02/21/14,02/24/14,2,
11,N-WORCESTER,,WORCESTER,02/24/14,02/24/14,1,
11,N-WORCESTER,,WORCESTER,02/24/14,02/24/14,2,
,ENDICOTT,AT VERNON ST,WORCESTER,01/08/14,02/26/14,2,
10,MILLBURY,,WORCESTER,02/19/14,02/19/14,1,
101,COMMONWEALTH,,WORCESTER,02/19/14,02/19/14,1,
338,PARK,,WORCESTER,02/17/14,02/20/14,2,
24,PELICAN,,WORCESTER,02/20/14,02/20/14,1,
529,PARK,,WORCESTER,02/18/14,02/21/14,2,
7,KELLEY,,WORCESTER,02/22/14,02/22/14,1,
1149,GRAFTON,,WORCESTER,02/23/14,02/23/14,1,
81,EUREKA,,WORCESTER,02/24/14,02/24/14,2,
76,RICHLAND,,WORCESTER,02/23/14,02/25/14,2,
87,AIRLIE,,WORCESTER,03/05/14,03/07/14,2,
163,AUSTIN,,WORCESTER,03/07/14,03/07/14,1,
69,ERNEST,,WORCESTER,03/10/14,03/10/14,1,
576,GRAFTON,,WORCESTER,03/08/14,03/11/14,2,
9-17,MILL,,WORCESTER,03/12/14,03/12/14,1,
57,COMMODORE,,WORCESTER,03/15/14,03/15/14,1,
34,GRANBY,,WORCESTER,03/18/14,03/18/14,1,
1088,MAIN,,WORCESTER,03/12/14,03/19/14,2,
76,RICHLAND,,WORCESTER,03/18/14,03/19/14,1,
27,WESTBORO,,WORCESTER,03/21/14,03/21/14,1,
14,COLTON,,WORCESTER,03/29/14,03/29/14,1,
220,BROOKS,,WORCESTER,03/26/14,04/02/14,2,
51,HADWEN,,WORCESTER,04/01/14,04/02/14,1,
848-854,MAIN,,WORCESTER,04/02/14,04/02/14,1,
14,BOURNE,,WORCESTER,04/02/14,04/02/14,1,
,WEBSTER,AT JAQUES ST,WORCESTER,03/26/14,04/03/14,2,
7,BROOKLINE,,WORCESTER,04/05/14,04/05/14,1,
631-633,LINCOLN,,WORCESTER,04/06/14,04/06/14,1,
28,MARCONI,,WORCESTER,04/07/14,04/07/14,2,
,WINTHROP,AT ARLINGTON ST,WORCESTER,04/03/14,04/09/14,2,
200,SHREWSBURY,,WORCESTER,04/10/14,04/10/14,1,
,WEST,AT HIGHLAND,WORCESTER,04/12/14,04/12/14,1,
11,CUTTING,,WORCESTER,04/15/14,04/15/14,1,
66,WHIPPLE,,WORCESTER,04/15/14,04/15/14,1,
156-158,FAIRMONT,,WORCESTER,04/18/14,04/18/14,1,
14,S-WARD,,WORCESTER,04/18/14,04/18/14,1,
2,WOODMAN,,WORCESTER,04/23/14,04/23/14,1,
36,BOYLSTON,,WORCESTER,04/25/01,04/25/14,1,
34,HOPE,,WORCESTER,04/27/14,04/27/14,1,
5,ST-NICHOLAS,,WORCESTER,04/27/14,04/28/14,2,
40,MORNINGSIDE,,WORCESTER,04/29/14,04/29/14,1,
720,GROVE,,WORCESTER,05/01/14,05/01/14,1,
170,MASSASOIT,,WORCESTER,05/01/14,05/02/14,1,
4,FENIMORE,,WORCESTER,05/02/14,05/02/14,1,
9,ST-NICHOLAS,,WORCESTER,05/02/14,05/02/14,1,
64,LOCUST,,WORCESTER,05/02/14,05/02/14,1,
730,PLEASANT,,WORCESTER,05/03/14,05/06/14,2,
31,BLITHEWOOD,,WORCESTER,05/05/14,05/06/14,1,
,BEACONSFIELD,,WORCESTER,04/03/14,05/07/14,2,
3,MORSE,,WORCESTER,05/07/14,05/07/14,1,
,MAIN,AT LAGRANGE ST,WORCESTER,05/07/14,05/07/14,2,
91,HOUGHTON,,WORCESTER,04/28/14,05/08/14,2,
5-9,ST-NICHOLAS,,WORCESTER,05/07/14,05/08/14,2,
10,SPOFFORD,,WORCESTER,05/08/14,05/08/14,1,
29,FALES,,WORCESTER,05/08/14,05/08/14,1,
405,MILL,,WORCESTER,04/25/14,05/09/14,2,
730,PLEASANT,,WORCESTER,05/08/14,05/09/14,2,
37,FREELAND,,WORCESTER,05/10/14,05/10/14,1,
19,QUEEN,,WORCESTER,05/12/14,05/12/14,1,
734,PLEASANT,,WORCESTER,05/08/14,05/13/14,2,
,BEACONSFIELD,AT PLEASANT ST,WORCESTER,05/09/14,05/14/14,2,
125,OLEAN,,WORCESTER,05/14/14,05/14/14,1,
730,PLEASANT,,WORCESTER,05/15/14,05/15/14,1,
28,BEECHING,,WORCESTER,05/15/14,05/15/14,1,
420,MOWER,,WORCESTER,05/14/14,05/16/14,2,
349,HAMILTON,,WORCESTER,05/19/14,05/19/14,1,
5,ST-NICHOLAS,,WORCESTER,05/11/14,05/20/14,2,
,SALISBURY,AT PARK AVE,WORCESTER,05/15/14,05/20/14,2,
3,CHRISTY,,WORCESTER,05/20/14,05/20/14,1,
5,ST-NICHOLAS,,WORCESTER,05/20/14,05/20/14,1,
14,RICHARDS,,WORCESTER,05/21/14,05/21/14,1,
39,GATES,,WORCESTER,05/21/14,05/21/14,1,
32,WABASH,,WORCESTER,05/21/14,05/21/14,2,
38,BELLINGHAM,,WORCESTER,05/22/14,05/22/14,1,
47,SPOFFORD,,WORCESTER,05/23/14,05/23/14,1,
41,MORNINGSIDE,,WORCESTER,05/08/14,05/27/14,2,
144,BEAVER-BROOK,,WORCESTER,05/27/14,05/27/14,1,
415,LAKE,,WORCESTER,05/27/14,05/27/14,1,
10,GAMBIER,,WORCESTER,05/27/14,05/27/14,1,
338,PARK,,WORCESTER,04/18/14,05/28/14,2,
32,WABASH,,WORCESTER,05/12/14,05/28/14,2,
63,STAFFORD,,WORCESTER,05/28/14,05/28/14,1,
70,MILLBURY,,WORCESTER,05/29/14,05/29/14,1,
,FAIRMONT,AT COHASSET ST,WORCESTER,05/29/14,05/30/14,1,
21,BEECHMONT,,WORCESTER,05/31/14,05/31/14,1,
22,WESTVIEW,,WORCESTER,06/01/14,06/01/14,1,
238,LINCOLN,,WORCESTER,05/29/14,06/02/14,1,
9,REGENT,,WORCESTER,05/23/14,06/03/14,2,
11-15,DALE,,WORCESTER,06/03/14,06/03/14,1,
317,BURNCOAT,,WORCESTER,06/04/14,06/04/14,1,
90,PARK,,WORCESTER,06/04/14,06/04/14,1,
212,AUSTIN,,WORCESTER,06/05/14,06/05/14,1,
23,AMES,,WORCESTER,06/05/14,06/05/14,1,
10,MASSASOIT,,WORCESTER,06/06/14,06/06/14,1,
463,CHANDLER,,WORCESTER,06/09/14,06/09/14,1,
15,HAZELWOOD,,WORCESTER,06/09/14,06/09/14,1,
199,MASSASOIT,,WORCESTER,06/09/14,06/09/14,1,
6-14,JAQUES,,WORCESTER,06/10/14,06/10/14,1,
43,PARK-TERRACE,,WORCESTER,06/10/14,06/10/14,1,
48,ESTHER,,WORCESTER,06/11/14,06/11/14,1,
12,STEARNS,,WORCESTER,06/11/14,06/11/14,1,
141,COHASSET,,WORCESTER,06/11/14,06/11/14,1,
5,OAKBEACH,,WORCESTER,06/11/14,06/11/14,1,
13,CLIFTON,,WORCESTER,06/12/14,06/12/14,1,
30,BEECHING,,WORCESTER,05/14/14,06/13/14,2,
12,STEARNS,,WORCESTER,06/13/14,06/13/14,1,
1395,MAIN,,WORCESTER,06/13/14,06/13/14,1,
5,NORWOOD,,WORCESTER,06/13/14,06/13/14,1,
5,RUDOLPH,,WORCESTER,06/16/14,06/16/14,1,
4,INWOOD,,WORCESTER,06/16/14,06/16/14,1,
47,SPOFFORD,,WORCESTER,06/02/14,06/17/14,2,
357,PLANTATION,,WORCESTER,06/04/14,06/18/14,2,
,VAUGHAN,,WORCESTER,06/19/14,06/19/14,1,
,AUSTIN,AT MERRICK ST,WORCESTER,04/10/14,06/24/14,2,
5,RUDOLPH,,WORCESTER,06/17/14,06/24/14,2,
9,WINSLOW,,WORCESTER,06/24/14,06/24/14,1,
57,SOUTHWEST,,WORCESTER,06/26/14,06/26/14,1,
186,ST-NICHOLAS,,WORCESTER,06/04/14,06/27/14,2,
17,WINTHROP,,WORCESTER,06/30/14,06/30/14,1,
36,CANTERBURY,,WORCESTER,06/30/14,06/30/14,1,
12,STEARNS,,WORCESTER,07/02/14,07/02/14,2,
49,GRANDVIEW,,WORCESTER,07/08/14,07/08/14,1,
,MADISON,,WORCESTER,07/02/14,07/09/14,2,
646,CHANDLER,,WORCESTER,07/09/14,07/09/14,1,
58,CAMELOT,,WORCESTER,07/14/14,07/14/14,1,
,LANCASTER,AT INSTITUTE RD,WORCESTER,07/14/14,07/14/14,1,
25,CROYDON,,WORCESTER,07/14/14,07/14/14,1,
2,GREENFIELD,,WORCESTER,04/23/14,07/15/14,2,
141,MASSASOIT,,WORCESTER,07/10/14,07/15/14,2,
144,MASSASOIT,,WORCESTER,07/10/14,07/15/14,3,
320,PLANTATION,,WORCESTER,07/16/14,07/16/14,1,
,HIGHLAND,,WORCESTER,07/12/14,07/17/14,2,
,WEST,AT 142 HIGHLAND ST,WORCESTER,07/14/14,07/17/14,2,
135,MILLBURY,,WORCESTER,07/17/14,07/17/14,1,
94-96,KENBERMA,,WORCESTER,05/13/14,07/18/14,2,
51,WARD,,WORCESTER,07/14/14,07/18/14,2,
26,PARKTON,,WORCESTER,07/17/14,07/18/14,1,
57,ROWENA,,WORCESTER,07/18/14,07/18/14,1,
64-66,GREEN,,WORCESTER,07/14/14,07/21/14,2,
102,RODNEY,,WORCESTER,07/21/14,07/21/14,1,
51,HOLLYWOOD,,WORCESTER,07/21/14,07/21/14,2,
1,KILBY,,WORCESTER,07/21/14,07/21/14,2,
56,HOLLYWOOD,,WORCESTER,07/22/14,07/22/14,1,
25,N-WORCESTER,,WORCESTER,07/23/14,07/23/14,1,
106,W-BOYLSTON,,WORCESTER,04/07/14,07/24/14,2,
,FAIRMONT,AT 61-63 COHASSET ST,WORCESTER,05/30/14,07/24/14,2,
4,IVES,,WORCESTER,07/24/14,07/24/14,1,
28,VOLKMAR,,WORCESTER,07/14/14,07/25/14,2,
1,BENEDICT,,WORCESTER,07/25/14,07/25/14,1,
57,VALLEY-HILL,,WORCESTER,07/25/14,07/25/14,1,
299,HIGHLAND,,WORCESTER,07/11/14,07/28/14,2,
162,MASSASOIT,,WORCESTER,07/10/14,07/29/14,2,
122-124,INGLESIDE,,WORCESTER,07/21/14,07/29/14,2,
172,MASSASOIT,,WORCESTER,07/10/14,07/30/14,3,
,QUEEN,AT DAVIS ST,WORCESTER,07/31/14,07/31/14,1,
26,AMES,,WORCESTER,08/01/14,08/01/14,1,
145,FAIRMONT,,WORCESTER,05/30/14,08/04/14,2,
7,GORDON,,WORCESTER,08/06/14,08/06/14,1,
12,ROMOLA,,WORCESTER,06/27/14,08/07/14,2,
70,DORCHESTER,,WORCESTER,07/01/14,08/08/14,2,
228,LINCOLN,,WORCESTER,07/31/14,08/01/14,2,
162,MASSASOIT,,WORCESTER,08/01/14,08/01/14,1,
25,COBURN,,WORCESTER,08/02/14,08/02/14,1,
64,STARK,,WORCESTER,05/07/14,08/05/14,2,
302,PLANTATION,,WORCESTER,07/14/14,08/06/14,2,
466,CHANDLER,,WORCESTER,08/06/14,08/06/14,1,
45,MCKEON,,WORCESTER,07/10/14,08/07/14,2,
11,JULIAN,,WORCESTER,07/01/14,08/08/14,2,
32,STARK,,WORCESTER,08/21/14,08/21/14,1,
214,AUSTIN,,WORCESTER,08/20/14,08/22/14,2,
5,SAINT NICHOLAS,,WORCESTER,08/21/14,08/22/14,2,
12,BATAVIA,,WORCESTER,08/22/14,08/22/14,1,
19,QUINAPOXET,,WORCESTER,08/22/14,08/22/14,1,
60,ARTHUR,,WORCESTER,06/02/14,08/23/14,2,
16,GAGE,,WORCESTER,08/25/14,08/25/14,1,
32,IVERNIA,,WORCESTER,08/25/14,08/25/14,1,
106,ORIENT,,WORCESTER,08/25/14,08/25/14,1,
10,STARK,,WORCESTER,08/25/14,08/25/14,1,
,BEECHMONT,AT 1 BANCROFT TOWER RD,WORCESTER,08/21/14,08/26/14,2,
64,STARK,,WORCESTER,08/26/14,08/26/14,1,
439,CHANDLER,,WORCESTER,08/28/14,08/28/14,1,
7,BERKMANS,,WORCESTER,05/16/14,08/30/14,1,
9,STARK,,WORCESTER,09/02/14,09/02/14,1,
7,BERKMANS,,WORCESTER,09/03/14,09/03/14,2,
375,AIRPORT,,WORCESTER,09/04/14,09/04/14,,
,LAMARTINE,AT SCOTT ST,WORCESTER,09/04/14,09/04/14,,
30,STARK,,WORCESTER,09/04/14,09/04/14,,
17,WARD,,WORCESTER,08/31/14,09/09/14,,
40,NONQUIT,,WORCESTER,05/30/14,09/10/14,,
60,TIMROD,,WORCESTER,09/10/14,09/10/14,,
,DELAWANDA,,WORCESTER,09/09/14,09/11/14,,
OPP 3,WOODS,,WORCESTER,09/09/14,09/11/14,,
2,QUEEN,,WORCESTER,09/11/14,09/11/14,,
641,FRANKLIN,,WORCESTER,09/13/14,09/13/14,,
1016 ,MAIN,,WORCESTER,09/15/14,09/15/14,1,
,MONTVALE,,WORCESTER,09/15/14,09/15/14,1,
4,S-WARD,,WORCESTER,09/15/14,09/15/14,1,
145,FAIRMONT,,WORCESTER,08/11/14,09/16/14,2,
3,DARTMOUTH,,WORCESTER,09/03/14,09/16/14,2,
269,PLANTATION,,WORCESTER,09/16/14,09/16/14,1,
14,GORDON,,WORCESTER,09/19/14,09/19/14,2,
146,FREMONT,,WORCESTER,09/15/14,09/22/14,2,
,SALISBURY,AT 111 PARK AVE,WORCESTER,09/16/14,09/22/14,2,
9,FLAGG,,WORCESTER,09/04/14,09/23/14,2,
359,SHREWSBURY,,WORCESTER,09/23/14,09/23/14,1,
5,RUDOLPH,,WORCESTER,06/29/14,09/24/14,2,
16,ASHMONT,,WORCESTER,09/25/14,09/25/14,1,
,FLAGG,AT AUDUBON RD,WORCESTER,09/25/14,09/25/14,1,
66,TROWBRIDGE,,WORCESTER,05/01/14,09/26/14,2,
165,CANTERBURY,,WORCESTER,09/26/14,09/26/14,1,
19,FEDERAL,,WORCESTER,09/26/14,09/26/14,1,
89,MONADNOCK,,WORCESTER,09/29/14,09/29/14,1,
40,GRANBY,,WORCESTER,09/23/14,10/02/14,2,
5,VILLA NOVA,,WORCESTER,10/02/14,10/02/14,1,
116,FARRAR,,WORCESTER,09/10/14,10/03/14,2,
178,FREMONT,,WORCESTER,09/29/14,10/03/14,2,
148,WEST,,WORCESTER,10/03/14,10/03/14,1,
89,MONADNOCK,,WORCESTER,10/04/14,10/04/14,1,
,FARADAY,,WORCESTER,09/23/14,10/06/14,2,
353,MOWER,,WORCESTER,09/11/14,10/07/14,2,
12,LONGMEADOW,,WORCESTER,10/08/14,10/08/14,1,
,AUSTIN,AT 2 MERRICK ST,WORCESTER,09/15/14,10/09/14,2,
31-41,NEW VISTA,,WORCESTER,10/09/14,10/09/14,1,
115,PAINE,,WORCESTER,10/09/14,10/09/14,1,
60-62,STANDISH,,WORCESTER,08/20/14,10/14/14,2,
5,YUKON,,WORCESTER,10/14/14,10/14/14,1,
355,MAY,,WORCESTER,10/15/14,10/15/14,1,
66,WARD,,WORCESTER,10/15/14,10/15/14,1,
119-121,HOPE,,WORCESTER,10/16/14,10/16/14,1,
365,CAMBRIDGE,,WORCESTER,10/17/14,10/17/14,1,
148,LINCOLN,,WORCESTER,06/11/14,10/20/14,2,
137,LINCOLN,,WORCESTER,08/20/14,10/20/14,2,
30,BANCROFT,,WORCESTER,10/21/14,10/21/14,1,
12,WALCOTT,,WORCESTER,10/22/14,10/22/14,1,
848,MAIN,,WORCESTER,06/24/14,10/29/14,2,
39,TYSON,,WORCESTER,10/31/14,10/31/14,1,
96-100,TAINTER,,WORCESTER,10/31/14,10/31/14,1,
410,MOWER,,WORCESTER,10/16/14,11/03/14,2,
32,WAYNE,,WORCESTER,11/04/14,11/04/14,1,
20,JUNIPER,,WORCESTER,11/05/14,11/05/14,1,
65,WARD,,WORCESTER,11/06/14,11/06/14,1,
37,TATMAN,,WORCESTER,06/26/14,11/07/14,2,
328,BROOKS,,WORCESTER,10/28/14,11/07/14,2,
1475,MAIN,,WORCESTER,10/31/14,11/07/14,2,
41,FREMONT,,WORCESTER,11/10/14,11/10/14,1,
99,HOPE,,WORCESTER,11/10/14,11/10/14,1,
7,NEW YORK,,WORCESTER,11/10/14,11/10/14,1,
389,MAIN,,WORCESTER,11/12/14,11/12/14,1,
99,GREEN,,WORCESTER,11/12/14,11/12/14,1,
99,HOPE,,WORCESTER,11/12/14,11/12/14,1,
45-47,MALVERN,,WORCESTER,11/12/14,11/12/14,1,
8,BAINBRIDGE,,WORCESTER,11/13/14,11/13/14,2,
16,GAGE,,WORCESTER,11/13/14,11/13/14,1,
1070,PLEASANT,,WORCESTER,08/31/14,11/14/14,2,
44-46,RUDOLPH,,WORCESTER,11/04/14,11/14/14,1,
,SOUTHBRIDGE,AT MADISON ST,WORCESTER,11/17/14,11/17/14,1,
43,HICKORY,,WORCESTER,10/28/14,11/18/14,2,
43,HICKORY,,WORCESTER,11/04/14,11/18/14,2,
30,HACKER,,WORCESTER,11/18/14,11/18/14,1,
136,ENDICOTT,,WORCESTER,11/18/14,11/18/14,1,
618,LINCOLN,,WORCESTER,11/19/14,11/19/14,1,
32,PROVIDENCE,,WORCESTER,11/19/14,11/19/14,1,
8,BANCROFT TOWER,,WORCESTER,11/04/14,11/20/14,2,
,MURRAY,AT PRESTON ST,WORCESTER,11/18/14,11/21/14,2,
,CRYSTAL,AT ILLINOIS ST,WORCESTER,11/22/14,11/22/14,1,
48,HAMILTON,,WORCESTER,11/24/14,11/24/14,1,
7,PHOEBE,,WORCESTER,11/24/14,11/24/14,1,
,MURRAY,,WORCESTER,11/24/14,11/24/14,2,
5,STODDARD,,WORCESTER,11/24/14,11/24/14,1,
,CAMBRIDGE,AT NIXON AVE,WORCESTER,11/25/14,11/25/14,1,
13,CUTLER,,WORCESTER,11/25/14,11/26/14,1,
306,PLANTATION,,WORCESTER,11/25/14,11/28/14,2,
160,FREMONT,,WORCESTER,11/10/14,12/01/14,2,
224,PARK,,WORCESTER,11/21/14,12/01/14,2,
89,TEMPLE,,WORCESTER,11/24/14,12/01/14,2,
113,VERNON,,WORCESTER,12/01/14,12/01/14,1,
401,HAMILTON,,WORCESTER,12/01/14,12/01/14,1,
61,PINE VIEW,,WORCESTER,11/03/14,12/02/14,2,
10,ENVELOPE,,WORCESTER,12/02/14,12/02/14,1,
8,JUDSON,,WORCESTER,12/02/14,12/02/14,1,
20,MATTSON,,WORCESTER,12/02/14,12/02/14,1,
28,CREST,,WORCESTER,10/30/14,12/03/14,2,
36,BLAINE,,WORCESTER,10/31/14,12/03/14,2,
14,DUBLIN,,WORCESTER,11/21/14,12/03/14,2,
,BELMONT,,WORCESTER,09/08/14,12/04/14,2,
120,LINCOLN,,WORCESTER,11/25/14,12/04/14,2,
8,PHOEBE,,WORCESTER,12/04/14,12/04/14,1,
,LAMARTINE,,WORCESTER,12/04/14,12/04/14,1,
20,PRUDENTIAL,,WORCESTER,10/21/14,12/05/14,2,
20,PRUDENTIAL,,WORCESTER,10/21/14,12/05/14,2,
,BRITTAN,AT 67 UXBRIDGE ST,WORCESTER,11/26/14,12/05/14,2,
3,NEW YORK,,WORCESTER,11/10/14,12/08/14,2,
,CLARK,AT HAPLEY DR,WORCESTER,12/02/14,12/08/14,2,
9,PHOEBE,,WORCESTER,12/08/14,12/08/14,1,
14,COLTON,,WORCESTER,12/08/14,12/08/14,1,
156,MASSASOIT,,WORCESTER,07/10/14,12/10/14,2,
25,FORSBERG,,WORCESTER,09/30/14,12/10/14,2,
98-101,LONGFELLOW,,WORCESTER,11/14/14,12/10/14,2,
20,MOTT,,WORCESTER,12/04/14,12/10/14,2,
,MAIN,AT LAGRANGE ST,WORCESTER,12/10/14,12/10/14,1,
,BEECHMONT,AT BANCROFT TOWER RD,WORCESTER,12/11/14,12/11/14,1,
27,TALLAWANDA,,WORCESTER,04/30/14,12/12/14,2,
116,EPWORTH,,WORCESTER,11/13/14,12/12/14,2,
1257,GRAFTON,,WORCESTER,11/19/14,12/12/14,2,
129,PLEASANT,,WORCESTER,11/24/14,12/12/14,2,
97,WEBSTER,,WORCESTER,09/10/14,12/13/14,2,
24,CREST,,WORCESTER,10/30/14,12/13/14,2,
,HARTFORD,AT BURNCOAT ST,WORCESTER,11/12/14,12/13/14,2,
,LAMARTINE,,WORCESTER,12/10/14,12/13/14,2,
109,WATER,,WORCESTER,05/08/14,12/15/14,2,
142,MASSASOIT,,WORCESTER,07/10/14,12/15/14,2,
71,ESTHER,,WORCESTER,12/15/14,12/15/14,1,
34,HOOPER,,WORCESTER,10/28/14,12/16/14,2,
,MINTHORNE,,WORCESTER,11/06/14,12/16/14,3,
35,PARKTON,,WORCESTER,11/19/14,12/16/14,2,
18,JONES,,WORCESTER,12/05/14,12/16/14,2,
22,LONGFELLOW,,WORCESTER,12/16/14,12/16/14,1,
16,JONES,,WORCESTER,12/05/14,12/17/14,2,
,COPLEY,AT COOLIDGE RD,WORCESTER,11/14/14,12/18/14,2,
,SHAMROCK,AT SHREWSBURY ST,WORCESTER,12/03/14,12/18/14,2,
354,LINCOLN,,WORCESTER,12/18/14,12/18/14,1,
7-18,CANTERBURY,,WORCESTER,09/30/14,12/19/14,2,
,MASSASOIT,AT HEYWOOD ST,WORCESTER,12/05/14,12/19/14,2,
59,INGLESIDE,,WORCESTER,12/17/14,12/19/14,2,
,LUCIAN,AT 1030 MAIN ST,WORCESTER,12/17/14,12/19/14,2,
229,CANTERBURY,,WORCESTER,11/19/14,12/20/14,2,
2,GAGE,,WORCESTER,12/03/14,12/20/14,2,
4,ECHO,,WORCESTER,12/12/14,12/20/14,2,
10,NEW BOND,,WORCESTER,12/15/14,12/20/14,2,
16,RUDOLPH,,WORCESTER,12/15/14,12/20/14,2,
,MAY,AT FAIRFIELD ST,WORCESTER,11/17/14,12/22/14,2,
,MERRIFIELD,AT ELLIOT ST,WORCESTER,12/03/14,12/22/14,2,
15,PROCTOR,,WORCESTER,12/05/14,12/23/14,2,
27-29,BOYLSTON,,WORCESTER,12/18/14,12/23/14,2,
1288,MAIN,,WORCESTER,12/25/14,12/25/14,1,
262,LINCOLN,,WORCESTER,11/05/14,12/26/14,2,
4,HIGHLAND,,WORCESTER,11/13/14,12/26/14,2,
,LAMARTINE,,WORCESTER,12/23/14,12/26/14,2,
7,ALBEMARLE,,WORCESTER,12/26/14,12/26/14,1,
,SOUTHBRIDGE,AT CAMBRIDGE ST,WORCESTER,05/06/14,12/29/14,2,
320,MAIN,,WORCESTER,04/24/14,12/30/14,2,
16-18,SCOTT,,WORCESTER,12/31/14,12/31/14,1,